cell,scenario,method,segment,mean,std,count,alpha
N32,A,cur,all,0.0948458974487213,0.005375782825872696,50,0.03
N32,A,cur,post,0.09520873861482261,0.015197645073331354,50,0.03
N32,A,cur,pre,0.10056885441086207,0.016783248174485784,50,0.03
N32,A,hist,all,0.09248799445790751,0.005303398557016594,50,0.1
N32,A,hist,post,0.09348576885751787,0.014951603832977865,50,0.1
N32,A,hist,pre,0.09743819526366539,0.016480043599057227,50,0.1
N32,A,in,all,0.09248973729528588,0.005306619827515716,50,0.1
N32,A,in,post,0.09348565770655505,0.014954548608673875,50,0.1
N32,A,in,pre,0.09744256368557341,0.016484208553390996,50,0.1
N32,A,legs,all,0.09597326516757172,0.005381042684425912,50,0.0
N32,A,legs,post,0.09689438398002018,0.015534954366812528,50,0.0
N32,A,legs,pre,0.1012213282844572,0.01697751523025891,50,0.0
N32,A,point,all,0.20749241435373356,0.032693132605044854,50,3.0
N32,A,point,post,0.20989684859096822,0.04582082444526353,50,3.0
N32,A,point,pre,0.21832430745088702,0.04741596095765061,50,3.0
N32,B,cur,all,0.08476281033100493,0.002011249798885451,50,0.1
N32,B,cur,post,0.08566828929610514,0.012598879310703115,50,0.1
N32,B,cur,pre,0.08920496188859443,0.014039284050570457,50,0.1
N32,B,hist,all,0.08732324572370466,0.0017225331066211115,50,0.03
N32,B,hist,post,0.08784228417251753,0.012918360909995328,50,0.03
N32,B,hist,pre,0.09229497135681256,0.01417628128757301,50,0.03
N32,B,in,all,0.08732348225750006,0.0017228910404673513,50,0.03
N32,B,in,post,0.08784265719590013,0.012918771527895482,50,0.03
N32,B,in,pre,0.09229516900779464,0.014176783666720403,50,0.03
N32,B,legs,all,0.08856859198218389,0.0017337860216849077,50,0.0
N32,B,legs,post,0.0893804553018931,0.013181084005501062,50,0.0
N32,B,legs,pre,0.09334475370555728,0.014549298145095202,50,0.0
N32,B,point,all,0.26553028034572784,0.01616141963554021,50,1.0
N32,B,point,post,0.22858240591247178,0.03530995565166048,50,1.0
N32,B,point,pre,0.3124865137597409,0.032386000727383644,50,1.0
N4,A,cur,all,0.7740945716853662,0.12641532410168324,50,0.03
N4,A,cur,post,0.7710696356038558,0.13255200686252566,50,0.03
N4,A,cur,pre,0.7661759513716768,0.16916672671120422,50,0.03
N4,A,hist,all,0.7740770122994391,0.1264297906699685,50,0.03
N4,A,hist,post,0.7713052807124933,0.1324998552808805,50,0.03
N4,A,hist,pre,0.7658577339537405,0.16930667903252403,50,0.03
N4,A,in,all,0.7740753054983549,0.12643041257829812,50,0.03
N4,A,in,post,0.7713743703024505,0.1324580966012919,50,0.03
N4,A,in,pre,0.7658557380973339,0.1692881624097671,50,0.03
N4,A,legs,all,0.7740921780386267,0.12643144230212455,50,0.0
N4,A,legs,post,0.771387327035453,0.13245141781125888,50,0.0
N4,A,legs,pre,0.7658819837590294,0.16927332690598731,50,0.0
N4,A,point,all,0.20749241435373356,0.03269313260504485,50,3.0
N4,A,point,post,0.20989684859096822,0.04582082444526352,50,3.0
N4,A,point,pre,0.21832430745088702,0.04741596095765061,50,3.0
N4,B,cur,all,0.7737104320633424,0.1313116727531635,50,0.03
N4,B,cur,post,0.7714525169969069,0.13433796914698276,50,0.03
N4,B,cur,pre,0.7644350693031761,0.17769552759878415,50,0.03
N4,B,hist,all,0.7737206318518627,0.13131333227840652,50,0.01
N4,B,hist,post,0.771455116631786,0.1343469273635504,50,0.01
N4,B,hist,pre,0.7644587129342824,0.17765429870679347,50,0.01
N4,B,in,all,0.7737207488859192,0.13131355893813068,50,0.01
N4,B,in,post,0.7713553505722939,0.13435284565094474,50,0.01
N4,B,in,pre,0.764552187117534,0.17766590248637112,50,0.01
N4,B,legs,all,0.773727380305148,0.13131252437981522,50,0.0
N4,B,legs,post,0.7714685824338925,0.13434073378119982,50,0.0
N4,B,legs,pre,0.7644606060257226,0.1776794525614645,50,0.0
N4,B,point,all,0.26553028034572784,0.0161614196355402,50,1.0
N4,B,point,post,0.22858240591247178,0.03530995565166047,50,1.0
N4,B,point,pre,0.3124865137597409,0.032386000727383644,50,1.0
N8,A,cur,all,0.4349845694863279,0.15016276951403656,50,0.03
N8,A,cur,post,0.43504908770870315,0.14142350448642277,50,0.03
N8,A,cur,pre,0.4479675409002792,0.18006186936410323,50,0.03
N8,A,hist,all,0.4349180186876885,0.15020755739807096,50,0.03
N8,A,hist,post,0.4356520522669314,0.1413263784423142,50,0.03
N8,A,hist,pre,0.4472075354434492,0.18024741951687745,50,0.03
N8,A,in,all,0.434915846912456,0.15020638951637477,50,0.03
N8,A,in,post,0.4356362437300538,0.14132077530694492,50,0.03
N8,A,in,pre,0.44728538005070834,0.1802995423110517,50,0.03
N8,A,legs,all,0.4349845009469211,0.15019408127569905,50,0.0
N8,A,legs,post,0.4356913228781585,0.14130556393560595,50,0.0
N8,A,legs,pre,0.447373078020574,0.1803149137041594,50,0.0
N8,A,point,all,0.20749241435373356,0.03269313260504484,50,3.0
N8,A,point,post,0.20989684859096822,0.04582082444526353,50,3.0
N8,A,point,pre,0.21832430745088702,0.04741596095765061,50,3.0
N8,B,cur,all,0.4313326731789825,0.15832897513962305,50,0.03
N8,B,cur,post,0.42950359697789564,0.14905787182462163,50,0.03
N8,B,cur,pre,0.4450926770812629,0.18974449496037088,50,0.03
N8,B,hist,all,0.4313786754998645,0.1583196919727298,50,0.01
N8,B,hist,post,0.4295447766742603,0.14904864516700017,50,0.01
N8,B,hist,pre,0.44513114122529046,0.18971204054949226,50,0.01
N8,B,in,all,0.4313784421134348,0.1583197713477914,50,0.01
N8,B,in,post,0.42944313227332254,0.14900241998837285,50,0.01
N8,B,in,pre,0.44524880017783375,0.18977668216426297,50,0.01
N8,B,legs,all,0.4314040236913895,0.15831274332581471,50,0.0
N8,B,legs,post,0.4295714166621651,0.14905010316287132,50,0.0
N8,B,legs,pre,0.44517521935907345,0.1897308497027515,50,0.0
N8,B,point,all,0.26553028034572784,0.0161614196355402,50,1.0
N8,B,point,post,0.22858240591247178,0.03530995565166047,50,1.0
N8,B,point,pre,0.3124865137597409,0.03238600072738365,50,1.0
R1_theta0,A,cur,all,0.29332384447856585,0.02496277787444416,50,1.0
R1_theta0,A,cur,post,0.2951297435589514,0.03631766183828735,50,1.0
R1_theta0,A,cur,pre,0.2976707685682396,0.03696741263796077,50,1.0
R1_theta0,A,hist,all,0.2933238444785657,0.024962777874444377,50,1.0
R1_theta0,A,hist,post,0.29512974355895144,0.03631766183828736,50,1.0
R1_theta0,A,hist,pre,0.2976707685682393,0.036967412637961015,50,1.0
R1_theta0,A,in,all,0.2933238444785889,0.024962777874464343,50,1.0
R1_theta0,A,in,post,0.2951297435589509,0.03631766183828833,50,1.0
R1_theta0,A,in,pre,0.29767076856828734,0.03696741263801551,50,1.0
R1_theta0,A,legs,all,0.36953814317020367,0.03509580355157774,50,0.0
R1_theta0,A,legs,post,0.3710780273820856,0.04736793717702435,50,0.0
R1_theta0,A,legs,pre,0.3754398938927876,0.04790312790015178,50,0.0
R1_theta0,A,point,all,0.6616980896041993,0.04667803986132989,50,30.0
R1_theta0,A,point,post,0.6663493473392821,0.06916039608342198,50,30.0
R1_theta0,A,point,pre,0.6706498661699896,0.0777526054152142,50,30.0
R1_theta45,A,cur,all,0.3286871008362296,0.026835622043220625,50,1.0
R1_theta45,A,cur,post,0.30245867693507034,0.04048632157470217,50,1.0
R1_theta45,A,cur,pre,0.35911823759477085,0.032182497611888634,50,1.0
R1_theta45,A,hist,all,0.3014073465225541,0.028538428263938126,50,1.0
R1_theta45,A,hist,post,0.302131869815174,0.04045494331267177,50,1.0
R1_theta45,A,hist,pre,0.30693398598264693,0.0391654450189533,50,1.0
R1_theta45,A,in,all,0.3014261700343123,0.028487544988741748,50,1.0
R1_theta45,A,in,post,0.3021616622840323,0.040443512175323236,50,1.0
R1_theta45,A,in,pre,0.3069357685114263,0.03904559460155947,50,1.0
R1_theta45,A,legs,all,0.3802561322224847,0.03887193924824881,50,0.0
R1_theta45,A,legs,post,0.38083755760486526,0.05246867747681292,50,0.0
R1_theta45,A,legs,pre,0.3872087868286121,0.04977503154361269,50,0.0
R1_theta45,A,point,all,0.6802006369126019,0.05867594685894163,50,30.0
R1_theta45,A,point,post,0.682984213576004,0.08480099262056724,50,30.0
R1_theta45,A,point,pre,0.6913868576929175,0.08217942609415352,50,30.0
R3_drift,A,cur,all,0.06470437634550116,0.0027577268392220407,50,0.03
R3_drift,A,cur,post,0.0692296854164835,0.013038412114334267,50,0.03
R3_drift,A,cur,pre,0.06478358972270487,0.006920017060579496,50,0.03
R3_drift,A,hist,all,0.06368659986819349,0.002959805293949774,50,0.1
R3_drift,A,hist,post,0.06842307188223189,0.012912131613644769,50,0.1
R3_drift,A,hist,pre,0.06362260358638248,0.007233932430148437,50,0.1
R3_drift,A,in,all,0.0636857369736465,0.002956989992300004,50,0.1
R3_drift,A,in,post,0.0684219830833529,0.012912750446905211,50,0.1
R3_drift,A,in,pre,0.06362235104502818,0.007235623839004909,50,0.1
R3_drift,A,legs,all,0.06527314165498269,0.0027764796007836087,50,0.0
R3_drift,A,legs,post,0.07033870767206862,0.01327079818628096,50,0.0
R3_drift,A,legs,pre,0.06506869444847573,0.0071099342937362255,50,0.0
R3_drift,A,point,all,0.20749090418114485,0.03262941361714192,50,3.0
R3_drift,A,point,post,0.21009493251983424,0.049798429742109594,50,3.0
R3_drift,A,point,pre,0.21486087631336434,0.04206849851182081,50,3.0
R3_drift,B,cur,all,0.06195023678037288,0.002416848998883775,50,0.1
R3_drift,B,cur,post,0.06684138786183631,0.01249323400972719,50,0.1
R3_drift,B,cur,pre,0.06173274599133717,0.007134947347317796,50,0.1
R3_drift,B,hist,all,0.06300431763755969,0.0019875999664268657,50,0.03
R3_drift,B,hist,post,0.06774038031043556,0.012653275375532605,50,0.03
R3_drift,B,hist,pre,0.06290774046499961,0.0068338952082594015,50,0.03
R3_drift,B,in,all,0.06300399455721949,0.001987463477012776,50,0.03
R3_drift,B,in,post,0.06773921414253065,0.01265309531681487,50,0.03
R3_drift,B,in,pre,0.06290793313023785,0.006834038839779307,50,0.03
R3_drift,B,legs,all,0.06359898778981617,0.002008997078051268,50,0.0
R3_drift,B,legs,post,0.06882082563533816,0.01288974820998213,50,0.0
R3_drift,B,legs,pre,0.06324013988785195,0.006941521780667167,50,0.0
R3_drift,B,point,all,0.26170340370976153,0.0155005927713616,50,1.0
R3_drift,B,point,post,0.2285918100524085,0.042035288437512176,50,1.0
R3_drift,B,point,pre,0.28788684587422664,0.02650805576682994,50,1.0
R3_many,A,cur,all,0.06738221590103366,0.0029097402544967037,50,0.1
R3_many,A,cur,post,0.08423318257301593,0.030982925977156694,50,0.1
R3_many,A,cur,pre,0.06669801455403788,0.0057272526408788035,50,0.1
R3_many,A,hist,all,0.06636787172367127,0.0028242449113701365,50,0.1
R3_many,A,hist,post,0.08454587749577115,0.031043590513004225,50,0.1
R3_many,A,hist,pre,0.06521199209226795,0.005694159504132135,50,0.1
R3_many,A,in,all,0.06636673363169024,0.002823728926251119,50,0.1
R3_many,A,in,post,0.08454555362542823,0.031042726145288715,50,0.1
R3_many,A,in,pre,0.06520998472667904,0.005692423217283963,50,0.1
R3_many,A,legs,all,0.06832739129094433,0.0028087828969763757,50,0.0
R3_many,A,legs,post,0.08819625109340523,0.032432293908827146,50,0.0
R3_many,A,legs,pre,0.06689940796417336,0.006312261148472971,50,0.0
R3_many,A,point,all,0.19572831665165485,0.021680634399718127,50,3.0
R3_many,A,point,post,0.2165984653587582,0.07657240180495659,50,3.0
R3_many,A,point,pre,0.19790288179686732,0.02262589288808377,50,3.0
R3_many,B,cur,all,0.0616183047379264,0.0021891702835800785,50,0.1
R3_many,B,cur,post,0.08167407699071516,0.030429941172580747,50,0.1
R3_many,B,cur,pre,0.059510290914423135,0.0051017278994024045,50,0.1
R3_many,B,hist,all,0.06255517657952296,0.0022805437715846745,50,0.1
R3_many,B,hist,post,0.0816948860730618,0.030452120799823453,50,0.1
R3_many,B,hist,pre,0.0607350742350866,0.004863195902138113,50,0.1
R3_many,B,in,all,0.06255469540596398,0.00228098600786596,50,0.1
R3_many,B,in,post,0.08169362940114908,0.030450721442182548,50,0.1
R3_many,B,in,pre,0.06073437318862915,0.004862410343086202,50,0.1
R3_many,B,legs,all,0.06372204575304193,0.0020779856096949235,50,0.0
R3_many,B,legs,post,0.08545304891489625,0.031873935401824295,50,0.0
R3_many,B,legs,pre,0.06134759622489058,0.005717590566983589,50,0.0
R3_many,B,point,all,0.22213071656383082,0.02316978240335844,50,3.0
R3_many,B,point,post,0.21656640285999523,0.07656227283156852,50,3.0
R3_many,B,point,pre,0.23164670165241094,0.021545292666370126,50,3.0
R3_noisy_maps,A,cur,all,0.085750253598498,0.014987795886387784,50,0.03
R3_noisy_maps,A,cur,post,0.08739897442359391,0.019202396715684807,50,0.03
R3_noisy_maps,A,cur,pre,0.08704903931229216,0.01935608178037249,50,0.03
R3_noisy_maps,A,hist,all,0.08501035738699186,0.015097175224914786,50,0.1
R3_noisy_maps,A,hist,post,0.08750505634098171,0.01955377459989356,50,0.1
R3_noisy_maps,A,hist,pre,0.08548998864111189,0.0193879663276381,50,0.1
R3_noisy_maps,A,in,all,0.08501120212293126,0.015100139826630086,50,0.1
R3_noisy_maps,A,in,post,0.0875040068022032,0.01955505532323842,50,0.1
R3_noisy_maps,A,in,pre,0.08549413032356944,0.01938635839688264,50,0.1
R3_noisy_maps,A,legs,all,0.08620760156258701,0.014890842256682154,50,0.0
R3_noisy_maps,A,legs,post,0.0889181686297587,0.01955585167671998,50,0.0
R3_noisy_maps,A,legs,pre,0.0865408229209748,0.01926671488870673,50,0.0
R3_noisy_maps,A,point,all,0.21107850374478754,0.026286053009242603,50,3.0
R3_noisy_maps,A,point,post,0.21812602336043138,0.031792067996903844,50,3.0
R3_noisy_maps,A,point,pre,0.21186426661593086,0.03946878689714935,50,3.0
R3_noisy_maps,B,cur,all,0.06212725560053052,0.0020183937137913627,50,0.1
R3_noisy_maps,B,cur,post,0.06445587909684396,0.007980365040136845,50,0.1
R3_noisy_maps,B,cur,pre,0.06219517841997584,0.007947745500144949,50,0.1
R3_noisy_maps,B,hist,all,0.0632284527801273,0.0018249928755160515,50,0.03
R3_noisy_maps,B,hist,post,0.06525829636362167,0.008332800278201782,50,0.03
R3_noisy_maps,B,hist,pre,0.06362686743294277,0.007816683911737256,50,0.03
R3_noisy_maps,B,in,all,0.0632277740594927,0.0018249724694890325,50,0.03
R3_noisy_maps,B,in,post,0.06525683428446497,0.00833365133819707,50,0.03
R3_noisy_maps,B,in,pre,0.06362701236056688,0.007816528662605226,50,0.03
R3_noisy_maps,B,legs,all,0.06373798014765185,0.0018236647027229129,50,0.0
R3_noisy_maps,B,legs,post,0.06636967298926337,0.008539690196672457,50,0.0
R3_noisy_maps,B,legs,pre,0.06359564228715474,0.007872915579224222,50,0.0
R3_noisy_maps,B,point,all,0.26979898238248334,0.011632737000110855,50,1.0
R3_noisy_maps,B,point,post,0.23572819013258922,0.02807031514518723,50,1.0
R3_noisy_maps,B,point,pre,0.30476996490509967,0.02393034367952751,50,1.0
R3_tau_shift,A,cur,all,0.08611166870698746,0.012523949022754851,50,0.03
R3_tau_shift,A,cur,post,0.08612129656691109,0.01989870102308869,50,0.03
R3_tau_shift,A,cur,pre,0.09202228146404623,0.022912223285890775,50,0.03
R3_tau_shift,A,hist,all,0.08578482411393376,0.012400888953428434,50,0.1
R3_tau_shift,A,hist,post,0.0894851493345649,0.020119974056997943,50,0.1
R3_tau_shift,A,hist,pre,0.08772969545610676,0.021479762370285184,50,0.1
R3_tau_shift,A,in,all,0.08578297228009807,0.01240230949788545,50,0.1
R3_tau_shift,A,in,post,0.0894832975698716,0.02012805045679598,50,0.1
R3_tau_shift,A,in,pre,0.08772929534925598,0.021479369825220817,50,0.1
R3_tau_shift,A,legs,all,0.08650675294646054,0.012560732890512101,50,0.0
R3_tau_shift,A,legs,post,0.08756311531498319,0.020370377905416834,50,0.0
R3_tau_shift,A,legs,pre,0.09140834923561353,0.022929514039308867,50,0.0
R3_tau_shift,A,point,all,0.22998476333484225,0.032421314490821564,50,3.0
R3_tau_shift,A,point,post,0.2510751143633049,0.04499746870611159,50,3.0
R3_tau_shift,A,point,pre,0.21832430745088702,0.04741596095765062,50,3.0
R3_tau_shift,B,cur,all,0.06194756597176873,0.0024126990335292795,50,0.1
R3_tau_shift,B,cur,post,0.06277333722241302,0.009748272446893873,50,0.1
R3_tau_shift,B,cur,pre,0.06501724327065528,0.010239186154816156,50,0.1
R3_tau_shift,B,hist,all,0.06310734029148399,0.0019966119169982526,50,0.03
R3_tau_shift,B,hist,post,0.06345295964513355,0.009667166006326656,50,0.03
R3_tau_shift,B,hist,pre,0.0666865959482224,0.010032495548489657,50,0.03
R3_tau_shift,B,in,all,0.06310728424967824,0.0019966148631704607,50,0.03
R3_tau_shift,B,in,post,0.06345241477095151,0.00966728072615998,50,0.03
R3_tau_shift,B,in,pre,0.0666869636489886,0.010031944791237571,50,0.03
R3_tau_shift,B,legs,all,0.06359587018124929,0.0020111304189723333,50,0.0
R3_tau_shift,B,legs,post,0.06429938912443003,0.009934777581870217,50,0.0
R3_tau_shift,B,legs,pre,0.06689004209682396,0.010357653502664124,50,0.0
R3_tau_shift,B,point,all,0.2727133729113705,0.015681362583145696,50,1.0
R3_tau_shift,B,point,post,0.2443551738989255,0.03419313660109146,50,1.0
R3_tau_shift,B,point,pre,0.3124865137597409,0.03238600072738366,50,1.0
d3_theta45,A,cur,all,0.0802083893707046,0.007511897619452848,50,0.03
d3_theta45,A,cur,post,0.0814043416143566,0.012129119971924042,50,0.03
d3_theta45,A,cur,pre,0.08216850811472053,0.013980536831653834,50,0.03
d3_theta45,A,hist,all,0.07914929988286602,0.007813297253873152,50,0.1
d3_theta45,A,hist,post,0.08115439539158936,0.012437011305405234,50,0.1
d3_theta45,A,hist,pre,0.08024323748988899,0.014055837839531378,50,0.1
d3_theta45,A,in,all,0.07914383303703681,0.007810786126441349,50,0.1
d3_theta45,A,in,post,0.08114652035227211,0.012440033777754851,50,0.1
d3_theta45,A,in,pre,0.08024015444344947,0.014053830652512818,50,0.1
d3_theta45,A,legs,all,0.08078626806160623,0.007452208597151732,50,0.0
d3_theta45,A,legs,post,0.08283913287937546,0.012374956903906048,50,0.0
d3_theta45,A,legs,pre,0.08192137960504522,0.013913773787191356,50,0.0
d3_theta45,A,point,all,0.19698592550144606,0.020900765709936132,50,3.0
d3_theta45,A,point,post,0.2008332257007059,0.035858323076568006,50,3.0
d3_theta45,A,point,pre,0.201653048421802,0.031866336412655835,50,3.0
d3_theta45,B,cur,all,0.061188288720550925,0.0015258878027221549,50,0.1
d3_theta45,B,cur,post,0.06267914098174061,0.008064168155064388,50,0.1
d3_theta45,B,cur,pre,0.062163938342858334,0.007429274261688197,50,0.1
d3_theta45,B,hist,all,0.06251927402006953,0.0012940784900743896,50,0.03
d3_theta45,B,hist,post,0.06376008481895414,0.008188004534389016,50,0.03
d3_theta45,B,hist,pre,0.0637803825178702,0.0074131218197469526,50,0.03
d3_theta45,B,in,all,0.06251944759769587,0.0012944119555331035,50,0.03
d3_theta45,B,in,post,0.06375993562685095,0.008188810309863867,50,0.03
d3_theta45,B,in,pre,0.0637809151853115,0.007413138350085315,50,0.03
d3_theta45,B,legs,all,0.0632581622221609,0.001308588582438403,50,0.0
d3_theta45,B,legs,post,0.06483861238033718,0.008398835199309555,50,0.0
d3_theta45,B,legs,pre,0.06423473788553007,0.0075896533057391476,50,0.0
d3_theta45,B,point,all,0.25233495417690627,0.010472591862902406,50,1.0
d3_theta45,B,point,post,0.226952361980191,0.03108310099813092,50,1.0
d3_theta45,B,point,pre,0.2835617463001678,0.024544435528807328,50,1.0
frac0.1,A,cur,all,0.0682594706551561,0.003674235293976437,50,0.03
frac0.1,A,cur,post,0.06913420413125346,0.0105068442923159,50,0.03
frac0.1,A,cur,pre,0.07115152332355346,0.011033142328031757,50,0.03
frac0.1,A,hist,all,0.06739946925842924,0.0039111929082608155,50,0.1
frac0.1,A,hist,post,0.06850359906986216,0.01042876821733822,50,0.1
frac0.1,A,hist,pre,0.06998728255695102,0.010843882718729159,50,0.1
frac0.1,A,in,all,0.06739781876202873,0.003912321293672428,50,0.1
frac0.1,A,in,post,0.06850301604916666,0.010429862079707584,50,0.1
frac0.1,A,in,pre,0.06998475699819262,0.010845952720716746,50,0.1
frac0.1,A,legs,all,0.06915394823734705,0.0036137466389269362,50,0.0
frac0.1,A,legs,post,0.07030740661286887,0.010719777392067269,50,0.0
frac0.1,A,legs,pre,0.07182726424476839,0.011129519622712069,50,0.0
frac0.1,A,point,all,0.202395591834272,0.022339853294851074,50,3.0
frac0.1,A,point,post,0.2055845127622922,0.03463550852155565,50,3.0
frac0.1,A,point,pre,0.21009226490976907,0.03786321072252547,50,3.0
frac0.1,B,cur,all,0.061971506403730225,0.002475583128957428,50,0.1
frac0.1,B,cur,post,0.06326839814441212,0.009418884944104932,50,0.1
frac0.1,B,cur,pre,0.06401650376575617,0.009149363339360589,50,0.1
frac0.1,B,hist,all,0.06300170611751214,0.002551955587258762,50,0.1
frac0.1,B,hist,post,0.06330964057781557,0.009413663615575028,50,0.1
frac0.1,B,hist,pre,0.06600424157080186,0.008858450909787884,50,0.1
frac0.1,B,in,all,0.0630012882011118,0.002552628195805359,50,0.1
frac0.1,B,in,post,0.06330853349018763,0.0094145867731503,50,0.1
frac0.1,B,in,pre,0.06600467162885236,0.008858768677290442,50,0.1
frac0.1,B,legs,all,0.06388546852022478,0.002070224048748188,50,0.0
frac0.1,B,legs,post,0.06519352360048335,0.009676567260981919,50,0.0
frac0.1,B,legs,pre,0.06608526788258723,0.009596238963525251,50,0.0
frac0.1,B,point,all,0.2279197307796048,0.022186217007010643,50,3.0
frac0.1,B,point,post,0.2055845127622922,0.03463550852155565,50,3.0
frac0.1,B,point,pre,0.2584168810484023,0.03272350924360237,50,3.0
frac0.25,A,cur,all,0.0759587315208909,0.007566332588221662,50,0.03
frac0.25,A,cur,post,0.07740505655527445,0.013981203786485683,50,0.03
frac0.25,A,cur,pre,0.0777834305662704,0.012864673515825606,50,0.03
frac0.25,A,hist,all,0.07519122184887543,0.008000689089744616,50,0.1
frac0.25,A,hist,post,0.07722783273661611,0.014394086233530673,50,0.1
frac0.25,A,hist,pre,0.07639336358458775,0.012932818709559937,50,0.1
frac0.25,A,in,all,0.0751916829043476,0.007999551227243266,50,0.1
frac0.25,A,in,post,0.07723374977443494,0.014395677712699274,50,0.1
frac0.25,A,in,pre,0.07638952140943467,0.012942477866806483,50,0.1
frac0.25,A,legs,all,0.07656924253447545,0.0074169801509955426,50,0.0
frac0.25,A,legs,post,0.07872159902139293,0.014238540135529118,50,0.0
frac0.25,A,legs,pre,0.07772473502923197,0.012795219349807126,50,0.0
frac0.25,A,point,all,0.2082073551657884,0.05001544541556534,50,10.0
frac0.25,A,point,post,0.21274789239128197,0.058667616339303376,50,10.0
frac0.25,A,point,pre,0.2117444119009672,0.054705195627023515,50,10.0
frac0.25,B,cur,all,0.06229352110132117,0.0023917758540604817,50,0.1
frac0.25,B,cur,post,0.06395700119566068,0.009085075203840168,50,0.1
frac0.25,B,cur,pre,0.06324227081673127,0.007517028670914147,50,0.1
frac0.25,B,hist,all,0.06319342669799806,0.0018511328603714912,50,0.03
frac0.25,B,hist,post,0.06466688764028976,0.009181621159373468,50,0.03
frac0.25,B,hist,pre,0.0643688887693255,0.007320779352535544,50,0.03
frac0.25,B,in,all,0.06319356288385794,0.0018512195382779375,50,0.03
frac0.25,B,in,post,0.06466626918217391,0.009181402193089971,50,0.03
frac0.25,B,in,pre,0.06436972582779212,0.007321027200457613,50,0.03
frac0.25,B,legs,all,0.06389818108144316,0.0018773498805970176,50,0.0
frac0.25,B,legs,post,0.0656694119111629,0.009396451990496216,50,0.0
frac0.25,B,legs,pre,0.06483699331814402,0.007597321913395319,50,0.0
frac0.25,B,point,all,0.2479631668236102,0.013549256792310895,50,1.0
frac0.25,B,point,post,0.23034566301960469,0.03194464565158479,50,1.0
frac0.25,B,point,pre,0.2725032514777317,0.024613692479851436,50,1.0
frac1.0,A,cur,all,0.10447182588556143,0.021561140304650464,50,0.01
frac1.0,A,cur,post,0.11108743171942147,0.030399238836779294,50,0.01
frac1.0,A,cur,pre,0.10194424114442568,0.02714015556575555,50,0.01
frac1.0,A,hist,all,0.10354479452379765,0.02160572262252686,50,0.1
frac1.0,A,hist,post,0.11063164925626262,0.030493827574815988,50,0.1
frac1.0,A,hist,pre,0.10045603010067915,0.027045518143812165,50,0.1
frac1.0,A,in,all,0.10353212266539595,0.021601642429419768,50,0.1
frac1.0,A,in,post,0.11061137770827977,0.03050091947335492,50,0.1
frac1.0,A,in,pre,0.1004527867631799,0.02703372379588469,50,0.1
frac1.0,A,legs,all,0.10466063082911209,0.021547321045342797,50,0.0
frac1.0,A,legs,post,0.11172567199548367,0.03059733986356886,50,0.0
frac1.0,A,legs,pre,0.10168667053558228,0.0270730511035882,50,0.0
frac1.0,A,point,all,0.20184128848888871,0.027779028511805755,50,3.0
frac1.0,A,point,post,0.2112053395907559,0.04060398348443299,50,3.0
frac1.0,A,point,pre,0.20042812527717874,0.03364251033306107,50,3.0
frac1.0,B,cur,all,0.06221407558948151,0.0022820187326152174,50,0.1
frac1.0,B,cur,post,0.06523317038640154,0.008762329709937216,50,0.1
frac1.0,B,cur,pre,0.06172360275938664,0.007615779795069443,50,0.1
frac1.0,B,hist,all,0.06376389667979218,0.002118791294932005,50,0.01
frac1.0,B,hist,post,0.06659990302712426,0.008926484856248584,50,0.01
frac1.0,B,hist,pre,0.06354316643509392,0.008026747509576706,50,0.01
frac1.0,B,in,all,0.0637638245553031,0.002118624417350292,50,0.01
frac1.0,B,in,post,0.06659879382105267,0.0089259789065303,50,0.01
frac1.0,B,in,pre,0.06354408663888425,0.00802723664007356,50,0.01
frac1.0,B,legs,all,0.0640293984154089,0.0021027970995807378,50,0.0
frac1.0,B,legs,post,0.06696353712317853,0.008993294604015262,50,0.0
frac1.0,B,legs,pre,0.06373405961185695,0.00810572447125229,50,0.0
frac1.0,B,point,all,0.28463829217078745,0.004417427861458034,50,0.3
frac1.0,B,point,post,0.2820513408343938,0.034199092310454336,50,0.3
frac1.0,B,point,pre,0.29644602828626954,0.027350797959945106,50,0.3
snr-10,A,cur,all,0.3948243806212936,0.030514831156794934,50,3.0
snr-10,A,cur,post,0.3293938322125014,0.05627720990769612,50,3.0
snr-10,A,cur,pre,0.47219049690558135,0.04677719605081325,50,3.0
snr-10,A,hist,all,0.2860529303543073,0.04037534866077267,50,10.0
snr-10,A,hist,post,0.2895811587287847,0.05932087750510904,50,10.0
snr-10,A,hist,pre,0.300555078825693,0.06397632865218125,50,10.0
snr-10,A,in,all,0.2730655645762662,0.05099318095972474,50,30.0
snr-10,A,in,post,0.27613769514510755,0.06669271058334848,50,30.0
snr-10,A,in,pre,0.28769123069154956,0.0718386388253469,50,30.0
snr-10,A,legs,all,0.6358210862458923,0.01955249089399303,50,0.0
snr-10,A,legs,post,0.642453330863772,0.09938903992778318,50,0.0
snr-10,A,legs,pre,0.6694921056155936,0.10493143304000434,50,0.0
snr-10,A,point,all,0.766027724250986,0.05081066738299074,50,100.0
snr-10,A,point,post,0.7679515263482429,0.11729478931718561,50,100.0
snr-10,A,point,pre,0.8126658207940335,0.14483063925889514,50,100.0
snr-10,B,cur,all,0.2647860570266948,0.05253950844631498,50,30.0
snr-10,B,cur,post,0.2691357793371554,0.0672840573206538,50,30.0
snr-10,B,cur,pre,0.27731952411607064,0.07062578720150728,50,30.0
snr-10,B,hist,all,0.38980270249353216,0.030613098109340042,50,3.0
snr-10,B,hist,post,0.329592607068028,0.05628677332590277,50,3.0
snr-10,B,hist,pre,0.46277500806627825,0.0452893146751647,50,3.0
snr-10,B,in,all,0.3899453889966606,0.030573004623387107,50,3.0
snr-10,B,in,post,0.3299627438714819,0.05649119548759052,50,3.0
snr-10,B,in,pre,0.4628264109496149,0.045471537722026764,50,3.0
snr-10,B,legs,all,0.632926026789464,0.019652944001523034,50,0.0
snr-10,B,legs,post,0.6399191486304207,0.09880967754490054,50,0.0
snr-10,B,legs,pre,0.6658413008451802,0.1037257594538029,50,0.0
snr-10,B,point,all,0.8350643086414011,0.04920860573965383,50,100.0
snr-10,B,point,post,0.7679515263482429,0.11729478931718561,50,100.0
snr-10,B,point,pre,0.9454343714699237,0.12130877534951226,50,100.0
snr-5,A,cur,all,0.29142505496723414,0.01761104172105455,50,1.0
snr-5,A,cur,post,0.2565384270170914,0.041253186150117825,50,1.0
snr-5,A,cur,pre,0.33905510744265954,0.03811569297878945,50,1.0
snr-5,A,hist,all,0.2288306080887768,0.030139611088719254,50,3.0
snr-5,A,hist,post,0.23207397200446242,0.047091838388262613,50,3.0
snr-5,A,hist,pre,0.24040079752959187,0.04921958938978887,50,3.0
snr-5,A,in,all,0.2284274491165946,0.030250812115260758,50,3.0
snr-5,A,in,post,0.23163303744058492,0.04743032009818101,50,3.0
snr-5,A,in,pre,0.24013083287895237,0.049694126402815834,50,3.0
snr-5,A,legs,all,0.36098273309896994,0.011580059282010675,50,0.0
snr-5,A,legs,post,0.364649459708213,0.05690628747653316,50,0.0
snr-5,A,legs,pre,0.3803130207956208,0.05998974335168672,50,0.0
snr-5,A,point,all,0.4701154949675876,0.0419845375375316,50,100.0
snr-5,A,point,post,0.47227654176311545,0.0785418530010942,50,100.0
snr-5,A,point,pre,0.49774644140764046,0.09172212068701885,50,100.0
snr-5,B,cur,all,0.22112332532663972,0.049102161007581566,50,10.0
snr-5,B,cur,post,0.22513833738151756,0.061372473824832435,50,10.0
snr-5,B,cur,pre,0.23121062126813574,0.06132879998672366,50,10.0
snr-5,B,hist,all,0.284655681621389,0.01759047017097963,50,1.0
snr-5,B,hist,post,0.2543086448210967,0.040861800331906964,50,1.0
snr-5,B,hist,pre,0.3279541227905255,0.03535245996830755,50,1.0
snr-5,B,in,all,0.28463567463778827,0.017540018508958397,50,1.0
snr-5,B,in,post,0.2543557798161744,0.04086885416404363,50,1.0
snr-5,B,in,pre,0.3278879853743395,0.03535855746260837,50,1.0
snr-5,B,legs,all,0.3559577899849884,0.0110529388364821,50,0.0
snr-5,B,legs,post,0.3598904574674676,0.055564622758249,50,0.0
snr-5,B,legs,pre,0.3744658989249638,0.05831987662769698,50,0.0
snr-5,B,point,all,0.5756059710010025,0.04424888821552267,50,100.0
snr-5,B,point,post,0.47227654176311545,0.0785418530010942,50,100.0
snr-5,B,point,pre,0.6930377864450372,0.06229478642672358,50,100.0
snr0,A,cur,all,0.19386991540789872,0.008924817603928234,50,0.3
snr0,A,cur,post,0.18354625584962647,0.029157181821318035,50,0.3
snr0,A,cur,pre,0.21559630266500904,0.030309309421767714,50,0.3
snr0,A,hist,all,0.17176759276153036,0.01670181483018405,50,1.0
snr0,A,hist,post,0.1740973430401414,0.03221809403387622,50,1.0
snr0,A,hist,pre,0.18067676459456158,0.033840958930540545,50,1.0
snr0,A,in,all,0.1717078083569112,0.016689652699264406,50,1.0
snr0,A,in,post,0.17401464540766817,0.032280224642900965,50,1.0
snr0,A,in,pre,0.18066721969187213,0.03399145995762465,50,1.0
snr0,A,legs,all,0.2089476622230635,0.008464794881257783,50,0.0
snr0,A,legs,post,0.21102648197247348,0.03407264587176278,50,0.0
snr0,A,legs,pre,0.22038230251934557,0.035933984227636585,50,0.0
snr0,A,point,all,0.32320857237658807,0.048951659354574864,50,100.0
snr0,A,point,post,0.32573718877670976,0.06905081201200074,50,100.0
snr0,A,point,pre,0.34116710239621606,0.07298765291713763,50,100.0
snr0,B,cur,all,0.16054707201944854,0.01776857440593584,50,1.0
snr0,B,cur,post,0.16319447032026282,0.03070054662302654,50,1.0
snr0,B,cur,pre,0.16809155575164245,0.03171640005452452,50,1.0
snr0,B,hist,all,0.1841805749817132,0.007498739945827478,50,0.3
snr0,B,hist,post,0.17659265288577242,0.02716261398036555,50,0.3
snr0,B,hist,pre,0.20243822258292749,0.02608264594717078,50,0.3
snr0,B,in,all,0.18417293806865273,0.007484780603102971,50,0.3
snr0,B,in,post,0.17659269479246767,0.027162413682082245,50,0.3
snr0,B,in,pre,0.20242345518512525,0.026080485756040626,50,0.3
snr0,B,legs,all,0.20023627207009145,0.006218346555953629,50,0.0
snr0,B,legs,post,0.20244840029500766,0.0312523991116145,50,0.0
snr0,B,legs,pre,0.21064341449796029,0.03278573916979429,50,0.0
snr0,B,point,all,0.4592130466395019,0.04894906387513458,50,30.0
snr0,B,point,post,0.3352284507561562,0.06851113041903925,50,30.0
snr0,B,point,pre,0.5783002693261862,0.04146310839420792,50,30.0
snr20,A,cur,all,0.061147680639932825,0.017198891168127582,50,0.0
snr20,A,cur,post,0.0621409033199868,0.022087133747570164,50,0.0
snr20,A,cur,pre,0.06415774983458532,0.025631764492291206,50,0.0
snr20,A,hist,all,0.0611338208621782,0.017186632707239795,50,0.01
snr20,A,hist,post,0.06212780753625977,0.02207282245984775,50,0.01
snr20,A,hist,pre,0.06413620113252494,0.025626084805797814,50,0.01
snr20,A,in,all,0.06113393029199922,0.017186670812656846,50,0.01
snr20,A,in,post,0.0621275681521154,0.022074313814040625,50,0.01
snr20,A,in,pre,0.06413665444813066,0.025626217169732124,50,0.01
snr20,A,legs,all,0.061147680639932825,0.01719889116812758,50,0.0
snr20,A,legs,post,0.0621409033199868,0.02208713374757017,50,0.0
snr20,A,legs,pre,0.06415774983458532,0.025631764492291202,50,0.0
snr20,A,point,all,0.09476864195837051,0.0059067417515940015,50,0.3
snr20,A,point,post,0.09571411017037171,0.014803112988383216,50,0.3
snr20,A,point,pre,0.09982825018882346,0.016914110026456295,50,0.3
snr20,B,cur,all,0.020886803490606932,0.001304724047981199,50,0.01
snr20,B,cur,post,0.021139453397718246,0.0034667850189898097,50,0.01
snr20,B,cur,pre,0.02192144460370253,0.0035023545329695024,50,0.01
snr20,B,hist,all,0.02093582625344981,0.0013205443932378393,50,0.0
snr20,B,hist,post,0.021174961888146458,0.0034810251035467103,50,0.0
snr20,B,hist,pre,0.0219867682216852,0.0035139383296806125,50,0.0
snr20,B,in,all,0.020935826253431284,0.0013205443932360142,50,0.0
snr20,B,in,post,0.02117496188812883,0.0034810251035372226,50,0.0
snr20,B,in,pre,0.02198676822166904,0.0035139383296973704,50,0.0
snr20,B,legs,all,0.02093582625344982,0.001320544393237868,50,0.0
snr20,B,legs,post,0.021174961888146434,0.0034810251035467506,50,0.0
snr20,B,legs,pre,0.021986768221685226,0.0035139383296806433,50,0.0
snr20,B,point,all,0.09876426562495359,0.0014105165718350705,50,0.1
snr20,B,point,post,0.096747069892416,0.01359639087408373,50,0.1
snr20,B,point,pre,0.1067982554332645,0.01520053711679002,50,0.1
snr30,A,cur,all,0.057796471956315924,0.01828314890576979,50,0.0
snr30,A,cur,post,0.05877794228896294,0.023018790058485294,50,0.0
snr30,A,cur,pre,0.060408708360247934,0.026635161625622343,50,0.0
snr30,A,hist,all,0.057796471956315924,0.0182831489057698,50,0.0
snr30,A,hist,post,0.05877794228896291,0.02301879005848531,50,0.0
snr30,A,hist,pre,0.06040870836024795,0.02663516162562234,50,0.0
snr30,A,in,all,0.057796471956315314,0.018283148905770236,50,0.0
snr30,A,in,post,0.05877794228895571,0.023018790058483972,50,0.0
snr30,A,in,pre,0.06040870836025226,0.026635161625630167,50,0.0
snr30,A,legs,all,0.057796471956315924,0.018283148905769795,50,0.0
snr30,A,legs,post,0.058777942288962944,0.023018790058485308,50,0.0
snr30,A,legs,pre,0.06040870836024793,0.026635161625622347,50,0.0
snr30,A,point,all,0.03318205234035263,0.0006673822845399565,50,0.03
snr30,A,point,post,0.03352921195463352,0.004366803965096219,50,0.03
snr30,A,point,pre,0.03482419816837276,0.0052914200273225164,50,0.03
snr30,B,cur,all,0.008551409570447041,0.002486932834516859,50,0.0
snr30,B,cur,post,0.00868498355629136,0.0028244683846062454,50,0.0
snr30,B,cur,pre,0.008866183577949436,0.0029795804766775923,50,0.0
snr30,B,hist,all,0.008551409570447041,0.002486932834516838,50,0.0
snr30,B,hist,post,0.00868498355629139,0.002824468384606249,50,0.0
snr30,B,hist,pre,0.00886618357794939,0.00297958047667759,50,0.0
snr30,B,in,all,0.008551409570440505,0.002486932834517964,50,0.0
snr30,B,in,post,0.008684983556261374,0.002824468384569712,50,0.0
snr30,B,in,pre,0.008866183577975213,0.002979580476711646,50,0.0
snr30,B,legs,all,0.008551409570447052,0.0024869328345168565,50,0.0
snr30,B,legs,post,0.008684983556291373,0.002824468384606249,50,0.0
snr30,B,legs,pre,0.008866183577949436,0.002979580476677612,50,0.0
snr30,B,point,all,0.033294429783154444,0.0006102302163530083,50,0.01
snr30,B,point,post,0.03354074620122709,0.0043596063046403895,50,0.01
snr30,B,point,pre,0.03502838717920856,0.005176342256087732,50,0.01
tau0.2,A,cur,all,0.07795448018461068,0.011230623478629083,50,0.03
tau0.2,A,cur,post,0.06920432267629745,0.011353422037141665,50,0.03
tau0.2,A,cur,pre,0.12220430664110861,0.03919600777625215,50,0.03
tau0.2,A,hist,all,0.07729789795599863,0.011383043967950139,50,0.1
tau0.2,A,hist,post,0.06928248770502304,0.011715337155255141,50,0.1
tau0.2,A,hist,pre,0.11927905219146547,0.03887078087217726,50,0.1
tau0.2,A,in,all,0.07729423227446382,0.01137666922549725,50,0.1
tau0.2,A,in,post,0.06928330621196081,0.011716525172665903,50,0.1
tau0.2,A,in,pre,0.11926693804978938,0.03887347667875875,50,0.1
tau0.2,A,legs,all,0.0786355781348996,0.011159816186153084,50,0.0
tau0.2,A,legs,post,0.07031786302806826,0.011570851661353887,50,0.0
tau0.2,A,legs,pre,0.12193278269724855,0.03962907223663926,50,0.0
tau0.2,A,point,all,0.2074264867800782,0.03265511011041478,50,3.0
tau0.2,A,point,post,0.2062919311840639,0.03476613544041577,50,3.0
tau0.2,A,point,pre,0.24653129564206241,0.09857000987411806,50,3.0
tau0.2,B,cur,all,0.0619322677357109,0.002379000369848011,50,0.1
tau0.2,B,cur,post,0.05818572303838904,0.004033883871363735,50,0.1
tau0.2,B,cur,pre,0.08809726484460263,0.03268925724582323,50,0.1
tau0.2,B,hist,all,0.06275530385782363,0.0019615674830605855,50,0.03
tau0.2,B,hist,post,0.05854151281464689,0.003744518274209299,50,0.03
tau0.2,B,hist,pre,0.09067396962129962,0.033105314879354905,50,0.03
tau0.2,B,in,all,0.06275503216456768,0.001961856430530624,50,0.03
tau0.2,B,in,post,0.05854099428098954,0.003744511280625381,50,0.03
tau0.2,B,in,pre,0.09067467725682161,0.033106868978392885,50,0.03
tau0.2,B,legs,all,0.06357869538499455,0.001969983538461513,50,0.0
tau0.2,B,legs,post,0.059450593727658145,0.0038068374727918907,50,0.0
tau0.2,B,legs,pre,0.09146471468998056,0.03377485675558865,50,0.0
tau0.2,B,point,all,0.242253986807983,0.015006547028164558,50,1.0
tau0.2,B,point,post,0.22504311453956194,0.018662236872035623,50,1.0
tau0.2,B,point,pre,0.3394712800867942,0.08262929412636738,50,1.0
tau0.8,A,cur,all,0.08024027127484226,0.011521726805552784,50,0.03
tau0.8,A,cur,post,0.11034774695493546,0.02781530074561655,50,0.03
tau0.8,A,cur,pre,0.07351747918213404,0.01289458892504041,50,0.03
tau0.8,A,hist,all,0.07916673472611467,0.01154236903018889,50,0.1
tau0.8,A,hist,post,0.11036613004972542,0.02804615342476379,50,0.1
tau0.8,A,hist,pre,0.07199286478992342,0.012791729766125979,50,0.1
tau0.8,A,in,all,0.07916493974638512,0.011541386865867434,50,0.1
tau0.8,A,in,post,0.11032292368772978,0.028024081722670506,50,0.1
tau0.8,A,in,pre,0.0720082592382845,0.012803959924767341,50,0.1
tau0.8,A,legs,all,0.08043398801883718,0.011550219844710507,50,0.0
tau0.8,A,legs,post,0.11228805240472987,0.02846420967725716,50,0.0
tau0.8,A,legs,pre,0.07310202638026793,0.012834971724563816,50,0.0
tau0.8,A,point,all,0.2075267940243386,0.0325552516287443,50,3.0
tau0.8,A,point,post,0.22246585476445926,0.07017179836192694,50,3.0
tau0.8,A,point,pre,0.20921192852248993,0.0342569504547044,50,3.0
tau0.8,B,cur,all,0.06198907849180444,0.0024468095108419797,50,0.1
tau0.8,B,cur,post,0.07853688504577332,0.01852443286858893,50,0.1
tau0.8,B,cur,pre,0.05908348175202252,0.004308838054306609,50,0.1
tau0.8,B,hist,all,0.06333157526363077,0.0020106707822710812,50,0.01
tau0.8,B,hist,post,0.08070017900753144,0.018865554477879423,50,0.01
tau0.8,B,hist,pre,0.060215109086224745,0.004045366695553893,50,0.01
tau0.8,B,in,all,0.06333143075432075,0.002010484659525398,50,0.01
tau0.8,B,in,post,0.0806990114970199,0.018864544553774752,50,0.01
tau0.8,B,in,pre,0.06021524476326748,0.004045451635392392,50,0.01
tau0.8,B,legs,all,0.0636427966247825,0.0020307394709335735,50,0.0
tau0.8,B,legs,post,0.08118586573692026,0.018996643268121977,50,0.0
tau0.8,B,legs,pre,0.06048217662817318,0.00403532706103207,50,0.0
tau0.8,B,point,all,0.28155003868489326,0.004474938146088796,50,0.3
tau0.8,B,point,post,0.2849000988365324,0.06618822382601679,50,0.3
tau0.8,B,point,pre,0.28751098947601805,0.017376258308113346,50,0.3
theta0,A,cur,all,0.06197557095067492,0.0023802457150753076,50,0.1
theta0,A,cur,post,0.06275526091550683,0.009781976551642852,50,0.1
theta0,A,cur,pre,0.0651321563445721,0.010327818253928703,50,0.1
theta0,A,hist,all,0.06197557095067491,0.002380245715075302,50,0.1
theta0,A,hist,post,0.0627552609155068,0.009781976551642837,50,0.1
theta0,A,hist,pre,0.06513215634457212,0.0103278182539287,50,0.1
theta0,A,in,all,0.06197557095062331,0.002380245715069375,50,0.1
theta0,A,in,post,0.06275526091549752,0.00978197655163939,50,0.1
theta0,A,in,pre,0.06513215634447624,0.010327818253930508,50,0.1
theta0,A,legs,all,0.06360594487442758,0.001975175556718253,50,0.0
theta0,A,legs,post,0.06425870014397844,0.009960493197155458,50,0.0
theta0,A,legs,pre,0.06699067251752722,0.010464267555478687,50,0.0
theta0,A,point,all,0.20760117501144268,0.03261462261557885,50,3.0
theta0,A,point,post,0.21006796092148636,0.04567288603094104,50,3.0
theta0,A,point,pre,0.2184261049108235,0.047467677307333624,50,3.0
theta0,B,cur,all,0.06197557095067492,0.0023802457150753076,50,0.1
theta0,B,cur,post,0.06275526091550683,0.009781976551642852,50,0.1
theta0,B,cur,pre,0.0651321563445721,0.010327818253928703,50,0.1
theta0,B,hist,all,0.06197557095067491,0.002380245715075302,50,0.1
theta0,B,hist,post,0.0627552609155068,0.009781976551642837,50,0.1
theta0,B,hist,pre,0.06513215634457212,0.0103278182539287,50,0.1
theta0,B,in,all,0.06197557095062331,0.002380245715069375,50,0.1
theta0,B,in,post,0.06275526091549752,0.00978197655163939,50,0.1
theta0,B,in,pre,0.06513215634447624,0.010327818253930508,50,0.1
theta0,B,legs,all,0.06360594487442758,0.001975175556718253,50,0.0
theta0,B,legs,post,0.06425870014397844,0.009960493197155458,50,0.0
theta0,B,legs,pre,0.06699067251752722,0.010464267555478687,50,0.0
theta0,B,point,all,0.20760117501144268,0.03261462261557885,50,3.0
theta0,B,point,post,0.21006796092148636,0.04567288603094104,50,3.0
theta0,B,point,pre,0.2184261049108235,0.047467677307333624,50,3.0
theta0_snr0,A,cur,all,0.160928595243762,0.017800941581769675,50,1.0
theta0_snr0,A,cur,post,0.16335448249110737,0.030645853355215608,50,1.0
theta0_snr0,A,cur,pre,0.16882149679354477,0.03200834588624044,50,1.0
theta0_snr0,A,hist,all,0.160928595243762,0.017800941581769675,50,1.0
theta0_snr0,A,hist,post,0.16335448249110737,0.030645853355215594,50,1.0
theta0_snr0,A,hist,pre,0.16882149679354477,0.03200834588624047,50,1.0
theta0_snr0,A,in,all,0.16092859524365682,0.017800941581774726,50,1.0
theta0_snr0,A,in,post,0.163354482491098,0.030645853355213665,50,1.0
theta0_snr0,A,in,pre,0.16882149679333383,0.03200834588624653,50,1.0
theta0_snr0,A,legs,all,0.20026081613726734,0.006104762716864807,50,0.0
theta0_snr0,A,legs,post,0.202320774224391,0.031351456196868896,50,0.0
theta0_snr0,A,legs,pre,0.21095080904167932,0.03312386132156866,50,0.0
theta0_snr0,A,point,all,0.32345253583122896,0.0486291186293066,50,100.0
theta0_snr0,A,point,post,0.32626139882927496,0.06932108610502698,50,100.0
theta0_snr0,A,point,pre,0.3413526184505999,0.07310167258899361,50,100.0
theta0_snr0,B,cur,all,0.160928595243762,0.017800941581769675,50,1.0
theta0_snr0,B,cur,post,0.16335448249110737,0.030645853355215608,50,1.0
theta0_snr0,B,cur,pre,0.16882149679354477,0.03200834588624044,50,1.0
theta0_snr0,B,hist,all,0.160928595243762,0.017800941581769675,50,1.0
theta0_snr0,B,hist,post,0.16335448249110737,0.030645853355215594,50,1.0
theta0_snr0,B,hist,pre,0.16882149679354477,0.03200834588624047,50,1.0
theta0_snr0,B,in,all,0.16092859524365682,0.017800941581774726,50,1.0
theta0_snr0,B,in,post,0.163354482491098,0.030645853355213665,50,1.0
theta0_snr0,B,in,pre,0.16882149679333383,0.03200834588624653,50,1.0
theta0_snr0,B,legs,all,0.20026081613726734,0.006104762716864807,50,0.0
theta0_snr0,B,legs,post,0.202320774224391,0.031351456196868896,50,0.0
theta0_snr0,B,legs,pre,0.21095080904167932,0.03312386132156866,50,0.0
theta0_snr0,B,point,all,0.32345253583122896,0.0486291186293066,50,100.0
theta0_snr0,B,point,post,0.32626139882927496,0.06932108610502698,50,100.0
theta0_snr0,B,point,pre,0.3413526184505999,0.07310167258899361,50,100.0
theta10,A,cur,all,0.06369355393761506,0.0024478578974231557,50,0.1
theta10,A,cur,post,0.06396911054238448,0.010064026504723338,50,0.1
theta10,A,cur,pre,0.06749184123568025,0.010628505031262834,50,0.1
theta10,A,hist,all,0.06343956027532059,0.002447388494226504,50,0.1
theta10,A,hist,post,0.06413875569167925,0.010120327568003944,50,0.1
theta10,A,hist,pre,0.06680970375379595,0.010687638789306468,50,0.1
theta10,A,in,all,0.0634397296440806,0.0024469631578112397,50,0.1
theta10,A,in,post,0.06413854401725712,0.010120487895635721,50,0.1
theta10,A,in,pre,0.06681041851632159,0.010688584070628724,50,0.1
theta10,A,legs,all,0.06502286035064107,0.00227763015367952,50,0.0
theta10,A,legs,post,0.06559894778728699,0.01035867675504969,50,0.0
theta10,A,legs,pre,0.06861717322998027,0.010892008355672571,50,0.0
theta10,A,point,all,0.2075905821712812,0.03262903851443118,50,3.0
theta10,A,point,post,0.21004866795448712,0.04570215332640824,50,3.0
theta10,A,point,pre,0.21840178170440402,0.04744392407368119,50,3.0
theta10,B,cur,all,0.061970527370953966,0.002378031461264389,50,0.1
theta10,B,cur,post,0.06276752331509912,0.009767529997046486,50,0.1
theta10,B,cur,pre,0.06509982268368156,0.010305666230334163,50,0.1
theta10,B,hist,all,0.06220328100845665,0.002376560055048898,50,0.1
theta10,B,hist,post,0.06276690575254557,0.009759553981373322,50,0.1
theta10,B,hist,pre,0.06557054578997035,0.010206413331957858,50,0.1
theta10,B,in,all,0.062203082816064355,0.0023762030373469844,50,0.1
theta10,B,in,post,0.06276646341800673,0.009759435662057815,50,0.1
theta10,B,in,pre,0.06557057310233,0.010206349071813335,50,0.1
theta10,B,legs,all,0.06360012424923982,0.0019771441908750255,50,0.0
theta10,B,legs,post,0.06426642884606189,0.009947910101556769,50,0.0
theta10,B,legs,pre,0.06696155315125496,0.010439474230403329,50,0.0
theta10,B,point,all,0.21421635605933925,0.031944689728181284,50,3.0
theta10,B,point,post,0.21004866795448712,0.04570215332640824,50,3.0
theta10,B,point,pre,0.23160825296043988,0.04504961903453297,50,3.0
theta10_snr0,A,cur,all,0.16475682634125033,0.017345939290630347,50,1.0
theta10_snr0,A,cur,post,0.16356164570847898,0.030598716207121533,50,1.0
theta10_snr0,A,cur,pre,0.1762962655752261,0.03058404398871946,50,1.0
theta10_snr0,A,hist,all,0.1615102666682516,0.0176713815155889,50,1.0
theta10_snr0,A,hist,post,0.16386304996825887,0.030613070830706815,50,1.0
theta10_snr0,A,hist,pre,0.169500198575325,0.03196502422041981,50,1.0
theta10_snr0,A,in,all,0.16151644404873622,0.017665130319980044,50,1.0
theta10_snr0,A,in,post,0.16386544062950514,0.030607412044206785,50,1.0
theta10_snr0,A,in,pre,0.1695116245960896,0.031969477558002155,50,1.0
theta10_snr0,A,legs,all,0.20071731175537655,0.006141938292045164,50,0.0
theta10_snr0,A,legs,post,0.2026998768617957,0.03138177492297681,50,0.0
theta10_snr0,A,legs,pre,0.21149695981382277,0.03317006550089824,50,0.0
theta10_snr0,A,point,all,0.32344765837766704,0.04869777577139888,50,100.0
theta10_snr0,A,point,post,0.3262307366970256,0.06924744265215875,50,100.0
theta10_snr0,A,point,pre,0.3413083123559177,0.07305741422774828,50,100.0
theta10_snr0,B,cur,all,0.1608570579024348,0.017774257030218028,50,1.0
theta10_snr0,B,cur,post,0.16337002950087737,0.030634901002966976,50,1.0
theta10_snr0,B,cur,pre,0.16863382985432657,0.03194664923965888,50,1.0
theta10_snr0,B,hist,all,0.16407836050733746,0.017525788357868853,50,1.0
theta10_snr0,B,hist,post,0.1634170667148197,0.030605275753930097,50,1.0
theta10_snr0,B,hist,pre,0.17507213840551328,0.030772682951054297,50,1.0
theta10_snr0,B,in,all,0.16408061339407898,0.017520019575727512,50,1.0
theta10_snr0,B,in,post,0.16341872016891665,0.03060016849535853,50,1.0
theta10_snr0,B,in,pre,0.17507535180476486,0.030772618358404464,50,1.0
theta10_snr0,B,legs,all,0.20024407239391329,0.0061110494081700354,50,0.0
theta10_snr0,B,legs,post,0.20234340585345353,0.03130732947832859,50,0.0
theta10_snr0,B,legs,pre,0.21086280514504452,0.03304498988626216,50,0.0
theta10_snr0,B,point,all,0.3331240040739476,0.04780017689492651,50,100.0
theta10_snr0,B,point,post,0.3262307366970256,0.06924744265215875,50,100.0
theta10_snr0,B,point,pre,0.36046621929484113,0.06935437750606967,50,100.0
theta20,A,cur,all,0.06823522655684194,0.0039444814539479804,50,0.03
theta20,A,cur,post,0.06857927471696479,0.011661177945545276,50,0.03
theta20,A,cur,pre,0.07238981276057015,0.012580792093646298,50,0.03
theta20,A,hist,all,0.06757979572963113,0.003854771469823392,50,0.1
theta20,A,hist,post,0.06830819761555249,0.011601492420720007,50,0.1
theta20,A,hist,pre,0.07130783343297502,0.012454775858782489,50,0.1
theta20,A,in,all,0.06758052701483806,0.0038546847420011243,50,0.1
theta20,A,in,post,0.06830796843792811,0.011602961088344218,50,0.1
theta20,A,in,pre,0.07131012020626279,0.012458192266695893,50,0.1
theta20,A,legs,all,0.0690534701131196,0.004020792537957205,50,0.0
theta20,A,legs,post,0.06966848427924682,0.011925699068072157,50,0.0
theta20,A,legs,pre,0.07299380582248523,0.01271447986959476,50,0.0
theta20,A,point,all,0.2075696791385858,0.032645424397323874,50,3.0
theta20,A,point,post,0.21001473644098156,0.045736977419183734,50,3.0
theta20,A,point,pre,0.21837782701230357,0.04742684620757573,50,3.0
theta20,B,cur,all,0.0619647797451351,0.002381658017477122,50,0.1
theta20,B,cur,post,0.06277543300997256,0.00975693640482026,50,0.1
theta20,B,cur,pre,0.06507101789817261,0.010285810585922818,50,0.1
theta20,B,hist,all,0.06268484176777654,0.0019392677420437313,50,0.03
theta20,B,hist,post,0.06331150498034922,0.009761502949154913,50,0.03
theta20,B,hist,pre,0.06601292220085174,0.010218966425313506,50,0.03
theta20,B,in,all,0.06268473000063372,0.001939161462432085,50,0.03
theta20,B,in,post,0.06331115992534808,0.009761510159090995,50,0.03
theta20,B,in,pre,0.06601303809157345,0.010218932118969376,50,0.03
theta20,B,legs,all,0.06359628886564433,0.001983036225245375,50,0.0
theta20,B,legs,post,0.06427533340961292,0.009939543510403557,50,0.0
theta20,B,legs,pre,0.06693579096276277,0.010415362176553705,50,0.0
theta20,B,point,all,0.2322929669341822,0.030781301192746004,50,3.0
theta20,B,point,post,0.21001473644098156,0.045736977419183734,50,3.0
theta20,B,point,pre,0.2658978064312977,0.03979458306671435,50,3.0
theta20_snr0,A,cur,all,0.17542440780174892,0.016822808049791686,50,1.0
theta20_snr0,A,cur,post,0.16425423576530057,0.03061316697469277,50,1.0
theta20_snr0,A,cur,pre,0.19634633750045055,0.02807741445155005,50,1.0
theta20_snr0,A,hist,all,0.1632167763504313,0.017343384613125498,50,1.0
theta20_snr0,A,hist,post,0.16552544251390489,0.030760676701654468,50,1.0
theta20_snr0,A,hist,pre,0.17139432646722905,0.03208034073734329,50,1.0
theta20_snr0,A,in,all,0.16323497324241137,0.01733049774065564,50,1.0
theta20_snr0,A,in,post,0.1655338169831697,0.030750975728156296,50,1.0
theta20_snr0,A,in,pre,0.17142804997823943,0.03210481350631831,50,1.0
theta20_snr0,A,legs,all,0.20208000228237266,0.006326955512207266,50,0.0
theta20_snr0,A,legs,post,0.20403211319180722,0.03173419187809937,50,0.0
theta20_snr0,A,legs,pre,0.21300225703142497,0.03351368085237873,50,0.0
theta20_snr0,A,point,all,0.3234129965278881,0.048765410114825505,50,100.0
theta20_snr0,A,point,post,0.32614850312271365,0.0691731225094094,50,100.0
theta20_snr0,A,point,pre,0.341264667138643,0.07302326424035224,50,100.0
theta20_snr0,B,cur,all,0.1607758581925779,0.017758584947668087,50,1.0
theta20_snr0,B,cur,post,0.16335811194088948,0.030642332442836002,50,1.0
theta20_snr0,B,cur,pre,0.16845587074355994,0.03188818483205334,50,1.0
theta20_snr0,B,hist,all,0.17306121990281642,0.017167053983475226,50,1.0
theta20_snr0,B,hist,post,0.16364134908372394,0.030603082146652957,50,1.0
theta20_snr0,B,hist,pre,0.1922949752735123,0.027970581329057064,50,1.0
theta20_snr0,B,in,all,0.17306128776742022,0.01715493508726763,50,1.0
theta20_snr0,B,in,post,0.16364681872428022,0.030592217263512047,50,1.0
theta20_snr0,B,in,pre,0.19229133136373577,0.027971850602178473,50,1.0
theta20_snr0,B,legs,all,0.20023362626138616,0.0061297075663442205,50,0.0
theta20_snr0,B,legs,post,0.2023706374084014,0.03127664500559638,50,0.0
theta20_snr0,B,legs,pre,0.21078451321272257,0.032968325972225786,50,0.0
theta20_snr0,B,point,all,0.3593333849442095,0.046047975061814676,50,100.0
theta20_snr0,B,point,post,0.32614850312271365,0.0691731225094094,50,100.0
theta20_snr0,B,point,pre,0.4101138068342354,0.06075516449945999,50,100.0
theta30,A,cur,all,0.07443596832900935,0.0069900588923778265,50,0.03
theta30,A,cur,post,0.07461709106783658,0.014348588611409899,50,0.03
theta30,A,cur,pre,0.07928276767238908,0.01600688948125279,50,0.03
theta30,A,hist,all,0.07374642756359386,0.006796871913162714,50,0.1
theta30,A,hist,post,0.07459632365176547,0.014333413999794127,50,0.1
theta30,A,hist,pre,0.07787750810734549,0.01583871996255047,50,0.1
theta30,A,in,all,0.07374752529572852,0.006797321924186183,50,0.1
theta30,A,in,post,0.0745957379397442,0.014337723737721901,50,0.1
theta30,A,in,pre,0.07788142735810653,0.01584470866021487,50,0.1
theta30,A,legs,all,0.07508801246302421,0.0070450945065705555,50,0.0
theta30,A,legs,post,0.07583770698098215,0.014697425167485756,50,0.0
theta30,A,legs,pre,0.07941820549002304,0.01608446225708805,50,0.0
theta30,A,point,all,0.20754132044109586,0.03266336917041279,50,3.0
theta30,A,point,post,0.20997049112304225,0.04577249412877774,50,3.0
theta30,A,point,pre,0.21835497912981985,0.047416921744915096,50,3.0
theta30,B,cur,all,0.06195825041986823,0.00239067182790364,50,0.1
theta30,B,cur,post,0.06277832861140104,0.009750371762033447,50,0.1
theta30,B,cur,pre,0.06504619017680942,0.010267296077851843,50,0.1
theta30,B,hist,all,0.06279505610797448,0.0019555937435986504,50,0.03
theta30,B,hist,post,0.0633224909742951,0.009751518908528187,50,0.03
theta30,B,hist,pre,0.0662136256163343,0.01014549262359563,50,0.03
theta30,B,in,all,0.06279487216251792,0.0019553940507220564,50,0.03
theta30,B,in,post,0.06332192845197294,0.009751541825759696,50,0.03
theta30,B,in,pre,0.06621380305543242,0.010145371791713135,50,0.03
theta30,B,legs,all,0.06359453445848026,0.001992302412691555,50,0.0
theta30,B,legs,post,0.0642848972549535,0.009935046403330367,50,0.0
theta30,B,legs,pre,0.06691404226410502,0.010391897865002478,50,0.0
theta30,B,point,all,0.2458866178774658,0.013585493721733913,50,1.0
theta30,B,point,post,0.22861104641052138,0.03529721553919832,50,1.0
theta30,B,point,pre,0.27648725458067397,0.03519456932520918,50,1.0
theta30_snr0,A,cur,all,0.18368730906323927,0.007071822816586972,50,0.3
theta30_snr0,A,cur,post,0.17956897311330347,0.027962454466591964,50,0.3
theta30_snr0,A,cur,pre,0.19919352809378332,0.029262640230193857,50,0.3
theta30_snr0,A,hist,all,0.1659673927189858,0.01695554726319135,50,1.0
theta30_snr0,A,hist,post,0.16826174723150308,0.031128898060805734,50,1.0
theta30_snr0,A,hist,pre,0.17440432201136818,0.03247174887636458,50,1.0
theta30_snr0,A,in,all,0.1659839425517916,0.016941218509679057,50,1.0
theta30_snr0,A,in,post,0.16826215329077776,0.03112943755318779,50,1.0
theta30_snr0,A,in,pre,0.17444982997810896,0.03253453409699939,50,1.0
theta30_snr0,A,legs,all,0.20428529011588809,0.006827969094744863,50,0.0
theta30_snr0,A,legs,post,0.20625447339120864,0.03241695124059668,50,0.0
theta30_snr0,A,legs,pre,0.2153922462134681,0.03419603346756098,50,0.0
theta30_snr0,A,point,all,0.32334919799838113,0.048835815925807,50,100.0
theta30_snr0,A,point,post,0.3260151682501279,0.06910898936391838,50,100.0
theta30_snr0,A,point,pre,0.34122302690686224,0.07300019148198596,50,100.0
theta30_snr0,B,cur,all,0.16068696056203738,0.01775395752988753,50,1.0
theta30_snr0,B,cur,post,0.16331533033901885,0.03066198817212044,50,1.0
theta30_snr0,B,cur,pre,0.16829378199990377,0.0318271155821561,50,1.0
theta30_snr0,B,hist,all,0.17895302903568092,0.0068116296889130235,50,0.3
theta30_snr0,B,hist,post,0.1764802678321525,0.027177744938397256,50,0.3
theta30_snr0,B,hist,pre,0.19242581143505672,0.027541144376927975,50,0.3
theta30_snr0,B,in,all,0.17895283272898607,0.006804556176223186,50,0.3
theta30_snr0,B,in,post,0.17648031664771716,0.02717604764766151,50,0.3
theta30_snr0,B,in,pre,0.19242548856674666,0.027543142902311805,50,0.3
theta30_snr0,B,legs,all,0.20022973118108361,0.006158986487390862,50,0.0
theta30_snr0,B,legs,post,0.20240086995625586,0.031258453068471796,50,0.0
theta30_snr0,B,legs,pre,0.21071793552335463,0.032893871430705615,50,0.0
theta30_snr0,B,point,all,0.3969254950020313,0.04602591471033188,50,100.0
theta30_snr0,B,point,post,0.3260151682501279,0.06910898936391838,50,100.0
theta30_snr0,B,point,pre,0.47747664341248014,0.051527688318035926,50,100.0
theta45,A,cur,all,0.08611166870698746,0.012523949022754844,50,0.03
theta45,A,cur,post,0.08612129656691109,0.01989870102308869,50,0.03
theta45,A,cur,pre,0.09202228146404623,0.02291222328589078,50,0.03
theta45,A,hist,all,0.08535254906719784,0.012326672695920991,50,0.1
theta45,A,hist,post,0.08648764940474898,0.020014323065537565,50,0.1
theta45,A,hist,pre,0.09007450287920891,0.022754392481784024,50,0.1
theta45,A,in,all,0.08535267054302294,0.012326811605979813,50,0.1
theta45,A,in,post,0.08648479166225725,0.02002455829969298,50,0.1
theta45,A,in,pre,0.09007941153096123,0.02276296196927576,50,0.1
theta45,A,legs,all,0.08650675294646054,0.012560732890512105,50,0.0
theta45,A,legs,post,0.08756311531498319,0.020370377905416837,50,0.0
theta45,A,legs,pre,0.09140834923561353,0.022929514039308867,50,0.0
theta45,A,point,all,0.20749241435373356,0.032693132605044854,50,3.0
theta45,A,point,post,0.20989684859096822,0.04582082444526353,50,3.0
theta45,A,point,pre,0.21832430745088702,0.047415960957650605,50,3.0
theta45,B,cur,all,0.06194756597176873,0.002412699033529278,50,0.1
theta45,B,cur,post,0.06277333722241302,0.009748272446893875,50,0.1
theta45,B,cur,pre,0.06501724327065528,0.010239186154816159,50,0.1
theta45,B,hist,all,0.06302684117856365,0.001995740945883756,50,0.03
theta45,B,hist,post,0.06333954326724374,0.00974408785850686,50,0.03
theta45,B,hist,pre,0.06664684672853334,0.010013343660053433,50,0.03
theta45,B,in,all,0.0630265075350382,0.001995367323954937,50,0.03
theta45,B,in,post,0.06333862052951814,0.009744183976942272,50,0.03
theta45,B,in,pre,0.06664706151259343,0.010013021081034272,50,0.03
theta45,B,legs,all,0.06359587018124929,0.002011130418972337,50,0.0
theta45,B,legs,post,0.06429938912443003,0.009934777581870216,50,0.0
theta45,B,legs,pre,0.06689004209682396,0.010357653502664124,50,0.0
theta45,B,point,all,0.26553028034572784,0.016161419635540193,50,1.0
theta45,B,point,post,0.22858240591247178,0.03530995565166048,50,1.0
theta45,B,point,pre,0.3124865137597409,0.032386000727383644,50,1.0
theta45_snr0,A,cur,all,0.19386991540789872,0.008924817603928234,50,0.3
theta45_snr0,A,cur,post,0.18354625584962647,0.02915718182131803,50,0.3
theta45_snr0,A,cur,pre,0.21559630266500904,0.030309309421767728,50,0.3
theta45_snr0,A,hist,all,0.17176759276153036,0.01670181483018405,50,1.0
theta45_snr0,A,hist,post,0.1740973430401414,0.032218094033876224,50,1.0
theta45_snr0,A,hist,pre,0.18067676459456158,0.03384095893054055,50,1.0
theta45_snr0,A,in,all,0.1717078083569112,0.016689652699264396,50,1.0
theta45_snr0,A,in,post,0.17401464540766817,0.03228022464290096,50,1.0
theta45_snr0,A,in,pre,0.18066721969187213,0.033991459957624655,50,1.0
theta45_snr0,A,legs,all,0.2089476622230635,0.008464794881257792,50,0.0
theta45_snr0,A,legs,post,0.21102648197247348,0.034072645871762786,50,0.0
theta45_snr0,A,legs,pre,0.22038230251934557,0.035933984227636585,50,0.0
theta45_snr0,A,point,all,0.323208572376588,0.04895165935457485,50,100.0
theta45_snr0,A,point,post,0.32573718877670976,0.06905081201200074,50,100.0
theta45_snr0,A,point,pre,0.34116710239621606,0.07298765291713764,50,100.0
theta45_snr0,B,cur,all,0.16054707201944854,0.017768574405935843,50,1.0
theta45_snr0,B,cur,post,0.16319447032026282,0.030700546623026542,50,1.0
theta45_snr0,B,cur,pre,0.16809155575164245,0.03171640005452453,50,1.0
theta45_snr0,B,hist,all,0.1841805749817132,0.007498739945827477,50,0.3
theta45_snr0,B,hist,post,0.17659265288577242,0.027162613980365544,50,0.3
theta45_snr0,B,hist,pre,0.20243822258292749,0.026082645947170774,50,0.3
theta45_snr0,B,in,all,0.18417293806865273,0.007484780603102963,50,0.3
theta45_snr0,B,in,post,0.17659269479246767,0.027162413682082262,50,0.3
theta45_snr0,B,in,pre,0.20242345518512525,0.026080485756040626,50,0.3
theta45_snr0,B,legs,all,0.20023627207009145,0.006218346555953621,50,0.0
theta45_snr0,B,legs,post,0.20244840029500766,0.031252399111614496,50,0.0
theta45_snr0,B,legs,pre,0.21064341449796029,0.032785739169794284,50,0.0
theta45_snr0,B,point,all,0.4592130466395019,0.04894906387513458,50,30.0
theta45_snr0,B,point,post,0.3352284507561562,0.06851113041903925,50,30.0
theta45_snr0,B,point,pre,0.5783002693261862,0.041463108394207936,50,30.0
theta5,A,cur,all,0.0624104526267894,0.0023650465940165074,50,0.1
theta5,A,cur,post,0.06302690692847707,0.009817740726174591,50,0.1
theta5,A,cur,pre,0.0657603611540564,0.010362470639575834,50,0.1
theta5,A,hist,all,0.06234204943688539,0.002363341300794607,50,0.1
theta5,A,hist,post,0.06306805405259458,0.00982869423928622,50,0.1
theta5,A,hist,pre,0.06558031137519515,0.010375992943674863,50,0.1
theta5,A,in,all,0.06234205786249743,0.002363130479947698,50,0.1
theta5,A,in,post,0.06306790303352061,0.00982869456382238,50,0.1
theta5,A,in,pre,0.0655805209319168,0.010376224741342735,50,0.1
theta5,A,legs,all,0.06395910647998522,0.0020192645627764056,50,0.0
theta5,A,legs,post,0.06455919703087043,0.010027397725325106,50,0.0
theta5,A,legs,pre,0.0674251334174982,0.010540094018647276,50,0.0
theta5,A,point,all,0.20759731232510853,0.03262154593366567,50,3.0
theta5,A,point,post,0.21006035641080378,0.04568647576802838,50,3.0
theta5,A,point,pre,0.21841394408540743,0.0474550043665839,50,3.0
theta5,B,cur,all,0.06197312102424359,0.0023783918193226936,50,0.1
theta5,B,cur,post,0.06276187236623706,0.009774285632934743,50,0.1
theta5,B,cur,pre,0.06511557990384204,0.010316417068930555,50,0.1
theta5,B,hist,all,0.062028239970766584,0.00237643733508463,50,0.1
theta5,B,hist,post,0.06275935959909484,0.009770071670210403,50,0.1
theta5,B,hist,pre,0.06522954974436301,0.01028769597067014,50,0.1
theta5,B,in,all,0.0620281545038907,0.002376275483469209,50,0.1
theta5,B,in,post,0.06275915084551568,0.009770016487261694,50,0.1
theta5,B,in,pre,0.06522958294989901,0.010287678675468143,50,0.1
theta5,B,legs,all,0.06360279466405692,0.00197564031630166,50,0.0
theta5,B,legs,post,0.06426238595873132,0.00995365559530132,50,0.0
theta5,B,legs,pre,0.06697573951609682,0.010451789814368919,50,0.0
theta5,B,point,all,0.2092949631999972,0.03246174653432789,50,3.0
theta5,B,point,post,0.21006035641080378,0.04568647576802838,50,3.0
theta5,B,point,pre,0.22184289945802077,0.046862130747837544,50,3.0
theta5_snr0,A,cur,all,0.1619021206080751,0.01765639917499131,50,1.0
theta5_snr0,A,cur,post,0.1633976005992939,0.030614779483560218,50,1.0
theta5_snr0,A,cur,pre,0.17073729381247865,0.03156853730279667,50,1.0
theta5_snr0,A,hist,all,0.1610757161525201,0.017766257904558963,50,1.0
theta5_snr0,A,hist,post,0.16346147766969882,0.030608115766626427,50,1.0
theta5_snr0,A,hist,pre,0.16900499855634812,0.03197215604372754,50,1.0
theta5_snr0,A,in,all,0.16107727552309586,0.017763519966917073,50,1.0
theta5_snr0,A,in,post,0.16346154643237276,0.030605755903748238,50,1.0
theta5_snr0,A,in,pre,0.1690084520554966,0.03197263496780906,50,1.0
theta5_snr0,A,legs,all,0.2003734328330636,0.006112447421040277,50,0.0
theta5_snr0,A,legs,post,0.20238896732593964,0.031326581333330945,50,0.0
theta5_snr0,A,legs,pre,0.2111010996314198,0.033111762068046696,50,0.0
theta5_snr0,A,point,all,0.32345372703524455,0.048663831989293374,50,100.0
theta5_snr0,A,point,post,0.3262522828401581,0.06928504304650583,50,100.0
theta5_snr0,A,point,pre,0.34133046807029366,0.0730783528499956,50,100.0
theta5_snr0,B,cur,all,0.16089409817079614,0.01778621177288747,50,1.0
theta5_snr0,B,cur,post,0.16336535408535938,0.030637733984819625,50,1.0
theta5_snr0,B,cur,pre,0.16872686462685066,0.03197679263558989,50,1.0
theta5_snr0,B,hist,all,0.16170847167050212,0.01773022998739216,50,1.0
theta5_snr0,B,hist,post,0.16336521874086973,0.030620171554357128,50,1.0
theta5_snr0,B,hist,pre,0.1703807713744316,0.03169316117042035,50,1.0
theta5_snr0,B,in,all,0.16170910848392508,0.017727622116656766,50,1.0
theta5_snr0,B,in,post,0.16336511163525955,0.03061801158817696,50,1.0
theta5_snr0,B,in,pre,0.17038228872420547,0.03169260998066491,50,1.0
theta5_snr0,B,legs,all,0.20025168012093886,0.006106267106874451,50,0.0
theta5_snr0,B,legs,post,0.20233141856317371,0.031327662368941585,50,0.0
theta5_snr0,B,legs,pre,0.21090573388170625,0.033084168818740246,50,0.0
theta5_snr0,B,point,all,0.3259731725120727,0.048483850655170656,50,100.0
theta5_snr0,B,point,post,0.3262522828401581,0.06928504304650583,50,100.0
theta5_snr0,B,point,pre,0.3463678864448272,0.07213075346035999,50,100.0
theta60,A,cur,all,0.09910839844301796,0.01827400450377232,50,0.03
theta60,A,cur,post,0.09904786112544427,0.02620459669615906,50,0.03
theta60,A,cur,pre,0.1059973583611743,0.030483815745559147,50,0.03
theta60,A,hist,all,0.09827728577019526,0.0181110728814372,50,0.1
theta60,A,hist,post,0.09975155717471607,0.02644702215121363,50,0.1
theta60,A,hist,pre,0.10354338611685288,0.030384016925868798,50,0.1
theta60,A,in,all,0.09827386429099176,0.018109398258434294,50,0.1
theta60,A,in,post,0.0997436820210491,0.026463794029514844,50,0.1
theta60,A,in,pre,0.10354634131952871,0.030394059403710993,50,0.1
theta60,A,legs,all,0.0992789829128971,0.018311838014356593,50,0.0
theta60,A,legs,post,0.10069289927029931,0.02677545081119224,50,0.0
theta60,A,legs,pre,0.10470616514406174,0.0304978222020745,50,0.0
theta60,A,point,all,0.20744653084292206,0.03272697679286215,50,3.0
theta60,A,point,post,0.20983215167260907,0.04586214459007707,50,3.0
theta60,A,point,pre,0.21829981053415837,0.04743159623010613,50,3.0
theta60,B,cur,all,0.06193764008479572,0.002442332448197496,50,0.1
theta60,B,cur,post,0.06275946017811158,0.00975544958934003,50,0.1
theta60,B,cur,pre,0.064999320525457,0.010207128742810318,50,0.1
theta60,B,hist,all,0.06329218688702139,0.0020167029475899,50,0.01
theta60,B,hist,post,0.06393374615597572,0.009864679975271283,50,0.01
theta60,B,hist,pre,0.06660901529218886,0.010203010193804093,50,0.01
theta60,B,in,all,0.06329208564614129,0.0020165775212152848,50,0.01
theta60,B,in,post,0.06393330091131981,0.009864756617012431,50,0.01
theta60,B,in,pre,0.06660925199369966,0.010202840529642643,50,0.01
theta60,B,legs,all,0.0636018404607185,0.0020339372994553208,50,0.0
theta60,B,legs,post,0.06431279841151155,0.009941480880439325,50,0.0
theta60,B,legs,pre,0.06687739006113468,0.010324359765206582,50,0.0
theta60,B,point,all,0.281140997256316,0.004999778711290441,50,0.3
theta60,B,point,post,0.27245673840417745,0.03858735364646588,50,0.3
theta60,B,point,pre,0.30664934318620624,0.04218415861254709,50,0.3
theta60_snr0,A,cur,all,0.2057488890056315,0.011984554898672287,50,0.3
theta60_snr0,A,cur,post,0.18879113066092448,0.03102111145083142,50,0.3
theta60_snr0,A,cur,pre,0.23391287813431838,0.03245980305352984,50,0.3
theta60_snr0,A,hist,all,0.17906965432950808,0.017387247140580632,50,1.0
theta60_snr0,A,hist,post,0.1815023931859967,0.034056818398383516,50,1.0
theta60_snr0,A,hist,pre,0.18848647382560546,0.03629757845317091,50,1.0
theta60_snr0,A,in,all,0.17881047033007305,0.017337766810382082,50,1.0
theta60_snr0,A,in,post,0.18121867384765902,0.034231030209152136,50,1.0
theta60_snr0,A,in,pre,0.1882934510774707,0.036550118374346095,50,1.0
theta60_snr0,A,legs,all,0.21483775600733016,0.011111231580953508,50,0.0
theta60_snr0,A,legs,post,0.21711239256835108,0.036442131113118566,50,0.0
theta60_snr0,A,legs,pre,0.22662412015257477,0.038526872999289474,50,0.0
theta60_snr0,A,point,all,0.32303791852535924,0.04907879727642345,50,100.0
theta60_snr0,A,point,post,0.3254125075285817,0.06905128081811526,50,100.0
theta60_snr0,A,point,pre,0.341122398928976,0.07300209322345154,50,100.0
theta60_snr0,B,cur,all,0.16041453873170858,0.017811417405423174,50,1.0
theta60_snr0,B,cur,post,0.16302063923478013,0.030734573361569633,50,1.0
theta60_snr0,B,cur,pre,0.16794936588880488,0.03156807805129249,50,1.0
theta60_snr0,B,hist,all,0.1902014751402864,0.008774566202388628,50,0.3
theta60_snr0,B,hist,post,0.17671644155844085,0.027178525238099487,50,0.3
theta60_snr0,B,hist,pre,0.21370841259758555,0.024829794664621284,50,0.3
theta60_snr0,B,in,all,0.19017491089823557,0.00875288359896724,50,0.3
theta60_snr0,B,in,post,0.17671115406667745,0.027182553035034158,50,0.3
theta60_snr0,B,in,pre,0.21366272728549915,0.024816949707811675,50,0.3
theta60_snr0,B,legs,all,0.2002571351435418,0.006290034558151087,50,0.0
theta60_snr0,B,legs,post,0.20249445849032824,0.03126957411740096,50,0.0
theta60_snr0,B,legs,pre,0.2106024503402943,0.032681515242440014,50,0.0
theta60_snr0,B,point,all,0.5168105327061943,0.049363967824856504,50,10.0
theta60_snr0,B,point,post,0.37064319425360864,0.06713705522823185,50,10.0
theta60_snr0,B,point,pre,0.6548779220860113,0.041771533620886196,50,10.0
theta90,A,cur,all,0.1244703806069899,0.028869397063114453,50,0.01
theta90,A,cur,post,0.12606217853868235,0.0389557791773322,50,0.01
theta90,A,cur,pre,0.13136200916851654,0.04487257740649106,50,0.01
theta90,A,hist,all,0.1238105533644386,0.02870786826952234,50,0.1
theta90,A,hist,post,0.12598690743246016,0.0388942718850028,50,0.1
theta90,A,hist,pre,0.13001516654841452,0.04477134301212608,50,0.1
theta90,A,in,all,0.12379398053731114,0.028699421488695125,50,0.1
theta90,A,in,post,0.12596276553562655,0.03892275509214807,50,0.1
theta90,A,in,pre,0.1300061834719047,0.044783062440491316,50,0.1
theta90,A,legs,all,0.12460172554057762,0.028855959174510535,50,0.0
theta90,A,legs,post,0.1267358009176363,0.039177918913695396,50,0.0
theta90,A,legs,pre,0.13093901679380046,0.04481851976357863,50,0.0
theta90,A,point,all,0.2073985482836737,0.032806812537937144,50,3.0
theta90,A,point,post,0.20979087921334813,0.04594274493347179,50,3.0
theta90,A,point,pre,0.21827549786939415,0.04750722916556267,50,3.0
theta90,B,cur,all,0.06193194683796714,0.0025146946500875845,50,0.1
theta90,B,cur,post,0.06272499859949071,0.009796195212511736,50,0.1
theta90,B,cur,pre,0.06500121691595348,0.010128017609520517,50,0.1
theta90,B,hist,all,0.06338117312651374,0.0020749901354725985,50,0.01
theta90,B,hist,post,0.06395260832056779,0.00989665263783457,50,0.01
theta90,B,hist,pre,0.06674862599534535,0.010094166538154236,50,0.01
theta90,B,in,all,0.06338101612054195,0.0020748367481125424,50,0.01
theta90,B,in,post,0.06395195488672722,0.009896866482403654,50,0.01
theta90,B,in,pre,0.06674896739052807,0.010093885197309383,50,0.01
theta90,B,legs,all,0.06362584091523289,0.002084322365367287,50,0.0
theta90,B,legs,post,0.06433312279290967,0.009975127164738579,50,0.0
theta90,B,legs,pre,0.06688766465900552,0.010263755243876365,50,0.0
theta90,B,point,all,0.2891680537057009,0.006701094584387428,50,0.3
theta90,B,point,post,0.2725123685756257,0.03873527986505076,50,0.3
theta90,B,point,pre,0.32193527378589537,0.040125203880095425,50,0.3
theta90_snr0,A,cur,all,0.2217780986121693,0.017950742067699255,50,0.1
theta90_snr0,A,cur,post,0.2184739991649485,0.040080782165168125,50,0.1
theta90_snr0,A,cur,pre,0.23968348225278238,0.04379046997961212,50,0.1
theta90_snr0,A,hist,all,0.1955865867780648,0.02180383919502489,50,1.0
theta90_snr0,A,hist,post,0.19841444795253058,0.03961311229228129,50,1.0
theta90_snr0,A,hist,pre,0.20592403750792873,0.04354678008687049,50,1.0
theta90_snr0,A,in,all,0.19467806835666693,0.02145949088615079,50,1.0
theta90_snr0,A,in,post,0.19749021263737407,0.040040185742426654,50,1.0
theta90_snr0,A,in,pre,0.20507925595220727,0.04396504292370674,50,1.0
theta90_snr0,A,legs,all,0.2283012993817765,0.017828494547810166,50,0.0
theta90_snr0,A,legs,post,0.2311383095130889,0.04263574887777762,50,0.0
theta90_snr0,A,legs,pre,0.24074586646714227,0.04544729236501231,50,0.0
theta90_snr0,A,point,all,0.3227444054753174,0.04931538697584627,50,100.0
theta90_snr0,A,point,post,0.3249004182870273,0.06921002036839514,50,100.0
theta90_snr0,A,point,pre,0.34107788308627973,0.07310613239630312,50,100.0
theta90_snr0,B,cur,all,0.16024983993293193,0.017997202314963524,50,1.0
theta90_snr0,B,cur,post,0.16264501555602098,0.030760071765624397,50,1.0
theta90_snr0,B,cur,pre,0.1678651516438498,0.031173226656806764,50,1.0
theta90_snr0,B,hist,all,0.19289438472221387,0.006517207205414764,50,0.1
theta90_snr0,B,hist,post,0.19106895650052316,0.029360946851238735,50,0.1
theta90_snr0,B,hist,pre,0.2064694483052901,0.02910446458327344,50,0.1
theta90_snr0,B,in,all,0.1928900962065265,0.0065117954574710245,50,0.1
theta90_snr0,B,in,post,0.19106935611951542,0.029368065809516158,50,0.1
theta90_snr0,B,in,pre,0.20646049799322977,0.029098822784279516,50,0.1
theta90_snr0,B,legs,all,0.2003354743865766,0.006447508090620312,50,0.0
theta90_snr0,B,legs,post,0.20257072172768345,0.03137208548048998,50,0.0
theta90_snr0,B,legs,pre,0.21062651356990636,0.03249493697821837,50,0.0
theta90_snr0,B,point,all,0.6030422416979382,0.06423146828252145,50,10.0
theta90_snr0,B,point,post,0.3701910222951777,0.0671283151609231,50,10.0
theta90_snr0,B,point,pre,0.7957540628538472,0.036302782690266024,50,10.0
