study,parameter,value,value_label,experiment_name,repeat,seed,metric_name,best_epoch,best_train_metric,best_val_metric,best_test_metric,best_train_loss,best_val_loss,best_test_loss,search_best_test_metric,search_best_val_loss,time_window,config_json
ablation,left_weights,False,False,left_weights=False,1,43,ndcg,152,,0.9921780964019221,0.9921780964019221,,1.8466943502426147,1.8466943502426147,0.9921780964019221,1.8466943502426147,3,"{""add_hp"": false, ""add_lp"": false, ""closure_hops"": 2, ""d"": 4, ""deg_normalised"": false, ""dropout"": 0.0, ""early_stopping_patience"": 24, ""edge_weights"": false, ""epochs"": 200, ""eval_every"": 2, ""hidden_channels"": 64, ""input_dropout"": 0.0, ""layers"": 3, ""left_weights"": false, ""linear"": false, ""lr"": 0.012487940706903825, ""max_t"": 1.0, ""min_delta"": 0.0, ""min_epochs_before_stopping"": 30, ""normalised"": true, ""orth"": ""householder"", ""right_weights"": true, ""second_linear"": false, ""sheaf_act"": ""tanh"", ""skip_train_eval"": true, ""sparse_learner"": false, ""stateful_temporal"": true, ""temporal_bptt_steps"": 8, ""temporal_d_model"": 32, ""time_window"": 3, ""use_act"": true, ""weight_decay"": 1.98417640446958e-07}"
ablation,left_weights,False,False,left_weights=False,2,44,ndcg,164,,0.9989689265054452,0.9989689265054452,,1.8009133338928223,1.8009133338928223,0.9989689265054452,1.8009133338928223,3,"{""add_hp"": false, ""add_lp"": false, ""closure_hops"": 2, ""d"": 4, ""deg_normalised"": false, ""dropout"": 0.0, ""early_stopping_patience"": 24, ""edge_weights"": false, ""epochs"": 200, ""eval_every"": 2, ""hidden_channels"": 64, ""input_dropout"": 0.0, ""layers"": 3, ""left_weights"": false, ""linear"": false, ""lr"": 0.012487940706903825, ""max_t"": 1.0, ""min_delta"": 0.0, ""min_epochs_before_stopping"": 30, ""normalised"": true, ""orth"": ""householder"", ""right_weights"": true, ""second_linear"": false, ""sheaf_act"": ""tanh"", ""skip_train_eval"": true, ""sparse_learner"": false, ""stateful_temporal"": true, ""temporal_bptt_steps"": 8, ""temporal_d_model"": 32, ""time_window"": 3, ""use_act"": true, ""weight_decay"": 1.98417640446958e-07}"
ablation,left_weights,False,False,left_weights=False,3,45,ndcg,130,,0.9989418866286764,0.9989418866286764,,1.8070502281188965,1.8070502281188965,0.9989418866286764,1.8070502281188965,3,"{""add_hp"": false, ""add_lp"": false, ""closure_hops"": 2, ""d"": 4, ""deg_normalised"": false, ""dropout"": 0.0, ""early_stopping_patience"": 24, ""edge_weights"": false, ""epochs"": 200, ""eval_every"": 2, ""hidden_channels"": 64, ""input_dropout"": 0.0, ""layers"": 3, ""left_weights"": false, ""linear"": false, ""lr"": 0.012487940706903825, ""max_t"": 1.0, ""min_delta"": 0.0, ""min_epochs_before_stopping"": 30, ""normalised"": true, ""orth"": ""householder"", ""right_weights"": true, ""second_linear"": false, ""sheaf_act"": ""tanh"", ""skip_train_eval"": true, ""sparse_learner"": false, ""stateful_temporal"": true, ""temporal_bptt_steps"": 8, ""temporal_d_model"": 32, ""time_window"": 3, ""use_act"": true, ""weight_decay"": 1.98417640446958e-07}"
ablation,left_weights,False,False,left_weights=False,4,46,ndcg,154,,0.9971598215017744,0.9971598215017744,,1.817566156387329,1.817566156387329,0.9971598215017744,1.817566156387329,3,"{""add_hp"": false, ""add_lp"": false, ""closure_hops"": 2, ""d"": 4, ""deg_normalised"": false, ""dropout"": 0.0, ""early_stopping_patience"": 24, ""edge_weights"": false, ""epochs"": 200, ""eval_every"": 2, ""hidden_channels"": 64, ""input_dropout"": 0.0, ""layers"": 3, ""left_weights"": false, ""linear"": false, ""lr"": 0.012487940706903825, ""max_t"": 1.0, ""min_delta"": 0.0, ""min_epochs_before_stopping"": 30, ""normalised"": true, ""orth"": ""householder"", ""right_weights"": true, ""second_linear"": false, ""sheaf_act"": ""tanh"", ""skip_train_eval"": true, ""sparse_learner"": false, ""stateful_temporal"": true, ""temporal_bptt_steps"": 8, ""temporal_d_model"": 32, ""time_window"": 3, ""use_act"": true, ""weight_decay"": 1.98417640446958e-07}"
ablation,left_weights,False,False,left_weights=False,5,47,ndcg,114,,0.9976641271705945,0.9976641271705945,,1.8167815208435059,1.8167815208435059,0.9976641271705945,1.8167815208435059,3,"{""add_hp"": false, ""add_lp"": false, ""closure_hops"": 2, ""d"": 4, ""deg_normalised"": false, ""dropout"": 0.0, ""early_stopping_patience"": 24, ""edge_weights"": false, ""epochs"": 200, ""eval_every"": 2, ""hidden_channels"": 64, ""input_dropout"": 0.0, ""layers"": 3, ""left_weights"": false, ""linear"": false, ""lr"": 0.012487940706903825, ""max_t"": 1.0, ""min_delta"": 0.0, ""min_epochs_before_stopping"": 30, ""normalised"": true, ""orth"": ""householder"", ""right_weights"": true, ""second_linear"": false, ""sheaf_act"": ""tanh"", ""skip_train_eval"": true, ""sparse_learner"": false, ""stateful_temporal"": true, ""temporal_bptt_steps"": 8, ""temporal_d_model"": 32, ""time_window"": 3, ""use_act"": true, ""weight_decay"": 1.98417640446958e-07}"
ablation,left_weights,True,True,left_weights=True,1,43,ndcg,126,,0.9973970518957479,0.9973970518957479,,1.821086049079895,1.8210859298706055,0.9973970518957479,1.821086049079895,3,"{""add_hp"": false, ""add_lp"": false, ""closure_hops"": 2, ""d"": 4, ""deg_normalised"": false, ""dropout"": 0.0, ""early_stopping_patience"": 24, ""edge_weights"": false, ""epochs"": 200, ""eval_every"": 2, ""hidden_channels"": 64, ""input_dropout"": 0.0, ""layers"": 3, ""left_weights"": true, ""linear"": false, ""lr"": 0.012487940706903825, ""max_t"": 1.0, ""min_delta"": 0.0, ""min_epochs_before_stopping"": 30, ""normalised"": true, ""orth"": ""householder"", ""right_weights"": true, ""second_linear"": false, ""sheaf_act"": ""tanh"", ""skip_train_eval"": true, ""sparse_learner"": false, ""stateful_temporal"": true, ""temporal_bptt_steps"": 8, ""temporal_d_model"": 32, ""time_window"": 3, ""use_act"": true, ""weight_decay"": 1.98417640446958e-07}"
ablation,left_weights,True,True,left_weights=True,2,44,ndcg,126,,0.9978192512150862,0.9978192512150862,,1.8127031326293945,1.8127031326293945,0.9978192512150862,1.8127031326293945,3,"{""add_hp"": false, ""add_lp"": false, ""closure_hops"": 2, ""d"": 4, ""deg_normalised"": false, ""dropout"": 0.0, ""early_stopping_patience"": 24, ""edge_weights"": false, ""epochs"": 200, ""eval_every"": 2, ""hidden_channels"": 64, ""input_dropout"": 0.0, ""layers"": 3, ""left_weights"": true, ""linear"": false, ""lr"": 0.012487940706903825, ""max_t"": 1.0, ""min_delta"": 0.0, ""min_epochs_before_stopping"": 30, ""normalised"": true, ""orth"": ""householder"", ""right_weights"": true, ""second_linear"": false, ""sheaf_act"": ""tanh"", ""skip_train_eval"": true, ""sparse_learner"": false, ""stateful_temporal"": true, ""temporal_bptt_steps"": 8, ""temporal_d_model"": 32, ""time_window"": 3, ""use_act"": true, ""weight_decay"": 1.98417640446958e-07}"
ablation,left_weights,True,True,left_weights=True,3,45,ndcg,170,,0.9966861199916578,0.9966861199916578,,1.8184767961502075,1.8184767961502075,0.9966861199916578,1.8184767961502075,3,"{""add_hp"": false, ""add_lp"": false, ""closure_hops"": 2, ""d"": 4, ""deg_normalised"": false, ""dropout"": 0.0, ""early_stopping_patience"": 24, ""edge_weights"": false, ""epochs"": 200, ""eval_every"": 2, ""hidden_channels"": 64, ""input_dropout"": 0.0, ""layers"": 3, ""left_weights"": true, ""linear"": false, ""lr"": 0.012487940706903825, ""max_t"": 1.0, ""min_delta"": 0.0, ""min_epochs_before_stopping"": 30, ""normalised"": true, ""orth"": ""householder"", ""right_weights"": true, ""second_linear"": false, ""sheaf_act"": ""tanh"", ""skip_train_eval"": true, ""sparse_learner"": false, ""stateful_temporal"": true, ""temporal_bptt_steps"": 8, ""temporal_d_model"": 32, ""time_window"": 3, ""use_act"": true, ""weight_decay"": 1.98417640446958e-07}"
ablation,left_weights,True,True,left_weights=True,4,46,ndcg,86,,0.9962770916288193,0.9962770916288193,,1.8287166357040405,1.82871675491333,0.9962770916288193,1.82871675491333,3,"{""add_hp"": false, ""add_lp"": false, ""closure_hops"": 2, ""d"": 4, ""deg_normalised"": false, ""dropout"": 0.0, ""early_stopping_patience"": 24, ""edge_weights"": false, ""epochs"": 200, ""eval_every"": 2, ""hidden_channels"": 64, ""input_dropout"": 0.0, ""layers"": 3, ""left_weights"": true, ""linear"": false, ""lr"": 0.012487940706903825, ""max_t"": 1.0, ""min_delta"": 0.0, ""min_epochs_before_stopping"": 30, ""normalised"": true, ""orth"": ""householder"", ""right_weights"": true, ""second_linear"": false, ""sheaf_act"": ""tanh"", ""skip_train_eval"": true, ""sparse_learner"": false, ""stateful_temporal"": true, ""temporal_bptt_steps"": 8, ""temporal_d_model"": 32, ""time_window"": 3, ""use_act"": true, ""weight_decay"": 1.98417640446958e-07}"
ablation,left_weights,True,True,left_weights=True,5,47,ndcg,90,,0.9976544568346395,0.9976544568346395,,1.8228199481964111,1.8228199481964111,0.9976544568346395,1.8228199481964111,3,"{""add_hp"": false, ""add_lp"": false, ""closure_hops"": 2, ""d"": 4, ""deg_normalised"": false, ""dropout"": 0.0, ""early_stopping_patience"": 24, ""edge_weights"": false, ""epochs"": 200, ""eval_every"": 2, ""hidden_channels"": 64, ""input_dropout"": 0.0, ""layers"": 3, ""left_weights"": true, ""linear"": false, ""lr"": 0.012487940706903825, ""max_t"": 1.0, ""min_delta"": 0.0, ""min_epochs_before_stopping"": 30, ""normalised"": true, ""orth"": ""householder"", ""right_weights"": true, ""second_linear"": false, ""sheaf_act"": ""tanh"", ""skip_train_eval"": true, ""sparse_learner"": false, ""stateful_temporal"": true, ""temporal_bptt_steps"": 8, ""temporal_d_model"": 32, ""time_window"": 3, ""use_act"": true, ""weight_decay"": 1.98417640446958e-07}"
ablation,right_weights,False,False,right_weights=False,1,43,ndcg,200,,0.9919295413061878,0.9919295413061878,,1.8495389223098755,1.8495389223098755,0.9919295413061878,1.8495389223098755,3,"{""add_hp"": false, ""add_lp"": false, ""closure_hops"": 2, ""d"": 4, ""deg_normalised"": false, ""dropout"": 0.0, ""early_stopping_patience"": 24, ""edge_weights"": false, ""epochs"": 200, ""eval_every"": 2, ""hidden_channels"": 64, ""input_dropout"": 0.0, ""layers"": 3, ""left_weights"": true, ""linear"": false, ""lr"": 0.012487940706903825, ""max_t"": 1.0, ""min_delta"": 0.0, ""min_epochs_before_stopping"": 30, ""normalised"": true, ""orth"": ""householder"", ""right_weights"": false, ""second_linear"": false, ""sheaf_act"": ""tanh"", ""skip_train_eval"": true, ""sparse_learner"": false, ""stateful_temporal"": true, ""temporal_bptt_steps"": 8, ""temporal_d_model"": 32, ""time_window"": 3, ""use_act"": true, ""weight_decay"": 1.98417640446958e-07}"
ablation,right_weights,False,False,right_weights=False,2,44,ndcg,200,,0.9963242362980786,0.9963242362980786,,1.824357271194458,1.824357271194458,0.9963242362980786,1.824357271194458,3,"{""add_hp"": false, ""add_lp"": false, ""closure_hops"": 2, ""d"": 4, ""deg_normalised"": false, ""dropout"": 0.0, ""early_stopping_patience"": 24, ""edge_weights"": false, ""epochs"": 200, ""eval_every"": 2, ""hidden_channels"": 64, ""input_dropout"": 0.0, ""layers"": 3, ""left_weights"": true, ""linear"": false, ""lr"": 0.012487940706903825, ""max_t"": 1.0, ""min_delta"": 0.0, ""min_epochs_before_stopping"": 30, ""normalised"": true, ""orth"": ""householder"", ""right_weights"": false, ""second_linear"": false, ""sheaf_act"": ""tanh"", ""skip_train_eval"": true, ""sparse_learner"": false, ""stateful_temporal"": true, ""temporal_bptt_steps"": 8, ""temporal_d_model"": 32, ""time_window"": 3, ""use_act"": true, ""weight_decay"": 1.98417640446958e-07}"
ablation,right_weights,False,False,right_weights=False,3,45,ndcg,186,,0.9855373462795435,0.9855373462795435,,1.8658455610275269,1.8658455610275269,0.9855373462795435,1.8658455610275269,3,"{""add_hp"": false, ""add_lp"": false, ""closure_hops"": 2, ""d"": 4, ""deg_normalised"": false, ""dropout"": 0.0, ""early_stopping_patience"": 24, ""edge_weights"": false, ""epochs"": 200, ""eval_every"": 2, ""hidden_channels"": 64, ""input_dropout"": 0.0, ""layers"": 3, ""left_weights"": true, ""linear"": false, ""lr"": 0.012487940706903825, ""max_t"": 1.0, ""min_delta"": 0.0, ""min_epochs_before_stopping"": 30, ""normalised"": true, ""orth"": ""householder"", ""right_weights"": false, ""second_linear"": false, ""sheaf_act"": ""tanh"", ""skip_train_eval"": true, ""sparse_learner"": false, ""stateful_temporal"": true, ""temporal_bptt_steps"": 8, ""temporal_d_model"": 32, ""time_window"": 3, ""use_act"": true, ""weight_decay"": 1.98417640446958e-07}"
ablation,right_weights,False,False,right_weights=False,4,46,ndcg,196,,0.9708147014252574,0.9708147014252574,,1.9321085214614868,1.9321085214614868,0.9708147014252574,1.9321085214614868,3,"{""add_hp"": false, ""add_lp"": false, ""closure_hops"": 2, ""d"": 4, ""deg_normalised"": false, ""dropout"": 0.0, ""early_stopping_patience"": 24, ""edge_weights"": false, ""epochs"": 200, ""eval_every"": 2, ""hidden_channels"": 64, ""input_dropout"": 0.0, ""layers"": 3, ""left_weights"": true, ""linear"": false, ""lr"": 0.012487940706903825, ""max_t"": 1.0, ""min_delta"": 0.0, ""min_epochs_before_stopping"": 30, ""normalised"": true, ""orth"": ""householder"", ""right_weights"": false, ""second_linear"": false, ""sheaf_act"": ""tanh"", ""skip_train_eval"": true, ""sparse_learner"": false, ""stateful_temporal"": true, ""temporal_bptt_steps"": 8, ""temporal_d_model"": 32, ""time_window"": 3, ""use_act"": true, ""weight_decay"": 1.98417640446958e-07}"
ablation,right_weights,False,False,right_weights=False,5,47,ndcg,200,,0.9203816958835136,0.9203816958835136,,2.094755172729492,2.094755172729492,0.9203816958835136,2.094755172729492,3,"{""add_hp"": false, ""add_lp"": false, ""closure_hops"": 2, ""d"": 4, ""deg_normalised"": false, ""dropout"": 0.0, ""early_stopping_patience"": 24, ""edge_weights"": false, ""epochs"": 200, ""eval_every"": 2, ""hidden_channels"": 64, ""input_dropout"": 0.0, ""layers"": 3, ""left_weights"": true, ""linear"": false, ""lr"": 0.012487940706903825, ""max_t"": 1.0, ""min_delta"": 0.0, ""min_epochs_before_stopping"": 30, ""normalised"": true, ""orth"": ""householder"", ""right_weights"": false, ""second_linear"": false, ""sheaf_act"": ""tanh"", ""skip_train_eval"": true, ""sparse_learner"": false, ""stateful_temporal"": true, ""temporal_bptt_steps"": 8, ""temporal_d_model"": 32, ""time_window"": 3, ""use_act"": true, ""weight_decay"": 1.98417640446958e-07}"
ablation,right_weights,True,True,right_weights=True,1,43,ndcg,124,,0.9967822286720498,0.9967822286720498,,1.8236812353134155,1.8236812353134155,0.9967822286720498,1.8236812353134155,3,"{""add_hp"": false, ""add_lp"": false, ""closure_hops"": 2, ""d"": 4, ""deg_normalised"": false, ""dropout"": 0.0, ""early_stopping_patience"": 24, ""edge_weights"": false, ""epochs"": 200, ""eval_every"": 2, ""hidden_channels"": 64, ""input_dropout"": 0.0, ""layers"": 3, ""left_weights"": true, ""linear"": false, ""lr"": 0.012487940706903825, ""max_t"": 1.0, ""min_delta"": 0.0, ""min_epochs_before_stopping"": 30, ""normalised"": true, ""orth"": ""householder"", ""right_weights"": true, ""second_linear"": false, ""sheaf_act"": ""tanh"", ""skip_train_eval"": true, ""sparse_learner"": false, ""stateful_temporal"": true, ""temporal_bptt_steps"": 8, ""temporal_d_model"": 32, ""time_window"": 3, ""use_act"": true, ""weight_decay"": 1.98417640446958e-07}"
ablation,right_weights,True,True,right_weights=True,2,44,ndcg,142,,0.9983640976083052,0.9983640976083052,,1.8081490993499756,1.8081490993499756,0.9983640976083052,1.8081490993499756,3,"{""add_hp"": false, ""add_lp"": false, ""closure_hops"": 2, ""d"": 4, ""deg_normalised"": false, ""dropout"": 0.0, ""early_stopping_patience"": 24, ""edge_weights"": false, ""epochs"": 200, ""eval_every"": 2, ""hidden_channels"": 64, ""input_dropout"": 0.0, ""layers"": 3, ""left_weights"": true, ""linear"": false, ""lr"": 0.012487940706903825, ""max_t"": 1.0, ""min_delta"": 0.0, ""min_epochs_before_stopping"": 30, ""normalised"": true, ""orth"": ""householder"", ""right_weights"": true, ""second_linear"": false, ""sheaf_act"": ""tanh"", ""skip_train_eval"": true, ""sparse_learner"": false, ""stateful_temporal"": true, ""temporal_bptt_steps"": 8, ""temporal_d_model"": 32, ""time_window"": 3, ""use_act"": true, ""weight_decay"": 1.98417640446958e-07}"
ablation,right_weights,True,True,right_weights=True,3,45,ndcg,178,,0.9973329892239724,0.9973329892239724,,1.8158153295516968,1.8158153295516968,0.9973329892239724,1.8158153295516968,3,"{""add_hp"": false, ""add_lp"": false, ""closure_hops"": 2, ""d"": 4, ""deg_normalised"": false, ""dropout"": 0.0, ""early_stopping_patience"": 24, ""edge_weights"": false, ""epochs"": 200, ""eval_every"": 2, ""hidden_channels"": 64, ""input_dropout"": 0.0, ""layers"": 3, ""left_weights"": true, ""linear"": false, ""lr"": 0.012487940706903825, ""max_t"": 1.0, ""min_delta"": 0.0, ""min_epochs_before_stopping"": 30, ""normalised"": true, ""orth"": ""householder"", ""right_weights"": true, ""second_linear"": false, ""sheaf_act"": ""tanh"", ""skip_train_eval"": true, ""sparse_learner"": false, ""stateful_temporal"": true, ""temporal_bptt_steps"": 8, ""temporal_d_model"": 32, ""time_window"": 3, ""use_act"": true, ""weight_decay"": 1.98417640446958e-07}"
ablation,right_weights,True,True,right_weights=True,4,46,ndcg,120,,0.9984508587302758,0.9984508587302758,,1.8109941482543945,1.8109941482543945,0.9984508587302758,1.8109941482543945,3,"{""add_hp"": false, ""add_lp"": false, ""closure_hops"": 2, ""d"": 4, ""deg_normalised"": false, ""dropout"": 0.0, ""early_stopping_patience"": 24, ""edge_weights"": false, ""epochs"": 200, ""eval_every"": 2, ""hidden_channels"": 64, ""input_dropout"": 0.0, ""layers"": 3, ""left_weights"": true, ""linear"": false, ""lr"": 0.012487940706903825, ""max_t"": 1.0, ""min_delta"": 0.0, ""min_epochs_before_stopping"": 30, ""normalised"": true, ""orth"": ""householder"", ""right_weights"": true, ""second_linear"": false, ""sheaf_act"": ""tanh"", ""skip_train_eval"": true, ""sparse_learner"": false, ""stateful_temporal"": true, ""temporal_bptt_steps"": 8, ""temporal_d_model"": 32, ""time_window"": 3, ""use_act"": true, ""weight_decay"": 1.98417640446958e-07}"
ablation,right_weights,True,True,right_weights=True,5,47,ndcg,108,,0.998291209344296,0.998291209344296,,1.8136576414108276,1.8136576414108276,0.998291209344296,1.8136576414108276,3,"{""add_hp"": false, ""add_lp"": false, ""closure_hops"": 2, ""d"": 4, ""deg_normalised"": false, ""dropout"": 0.0, ""early_stopping_patience"": 24, ""edge_weights"": false, ""epochs"": 200, ""eval_every"": 2, ""hidden_channels"": 64, ""input_dropout"": 0.0, ""layers"": 3, ""left_weights"": true, ""linear"": false, ""lr"": 0.012487940706903825, ""max_t"": 1.0, ""min_delta"": 0.0, ""min_epochs_before_stopping"": 30, ""normalised"": true, ""orth"": ""householder"", ""right_weights"": true, ""second_linear"": false, ""sheaf_act"": ""tanh"", ""skip_train_eval"": true, ""sparse_learner"": false, ""stateful_temporal"": true, ""temporal_bptt_steps"": 8, ""temporal_d_model"": 32, ""time_window"": 3, ""use_act"": true, ""weight_decay"": 1.98417640446958e-07}"
ablation,second_linear,False,False,second_linear=False,1,43,ndcg,164,,0.9980381535156648,0.9980381535156648,,1.8088126182556152,1.8088126182556152,0.9980381535156648,1.8088126182556152,3,"{""add_hp"": false, ""add_lp"": false, ""closure_hops"": 2, ""d"": 4, ""deg_normalised"": false, ""dropout"": 0.0, ""early_stopping_patience"": 24, ""edge_weights"": false, ""epochs"": 200, ""eval_every"": 2, ""hidden_channels"": 64, ""input_dropout"": 0.0, ""layers"": 3, ""left_weights"": true, ""linear"": false, ""lr"": 0.012487940706903825, ""max_t"": 1.0, ""min_delta"": 0.0, ""min_epochs_before_stopping"": 30, ""normalised"": true, ""orth"": ""householder"", ""right_weights"": true, ""second_linear"": false, ""sheaf_act"": ""tanh"", ""skip_train_eval"": true, ""sparse_learner"": false, ""stateful_temporal"": true, ""temporal_bptt_steps"": 8, ""temporal_d_model"": 32, ""time_window"": 3, ""use_act"": true, ""weight_decay"": 1.98417640446958e-07}"
ablation,second_linear,False,False,second_linear=False,2,44,ndcg,146,,0.9983466976648678,0.9983466976648678,,1.807602882385254,1.807602882385254,0.9983466976648678,1.807602882385254,3,"{""add_hp"": false, ""add_lp"": false, ""closure_hops"": 2, ""d"": 4, ""deg_normalised"": false, ""dropout"": 0.0, ""early_stopping_patience"": 24, ""edge_weights"": false, ""epochs"": 200, ""eval_every"": 2, ""hidden_channels"": 64, ""input_dropout"": 0.0, ""layers"": 3, ""left_weights"": true, ""linear"": false, ""lr"": 0.012487940706903825, ""max_t"": 1.0, ""min_delta"": 0.0, ""min_epochs_before_stopping"": 30, ""normalised"": true, ""orth"": ""householder"", ""right_weights"": true, ""second_linear"": false, ""sheaf_act"": ""tanh"", ""skip_train_eval"": true, ""sparse_learner"": false, ""stateful_temporal"": true, ""temporal_bptt_steps"": 8, ""temporal_d_model"": 32, ""time_window"": 3, ""use_act"": true, ""weight_decay"": 1.98417640446958e-07}"
ablation,second_linear,False,False,second_linear=False,3,45,ndcg,172,,0.9975734832319542,0.9975734832319542,,1.8161433935165405,1.8161433935165405,0.9975734832319542,1.8161433935165405,3,"{""add_hp"": false, ""add_lp"": false, ""closure_hops"": 2, ""d"": 4, ""deg_normalised"": false, ""dropout"": 0.0, ""early_stopping_patience"": 24, ""edge_weights"": false, ""epochs"": 200, ""eval_every"": 2, ""hidden_channels"": 64, ""input_dropout"": 0.0, ""layers"": 3, ""left_weights"": true, ""linear"": false, ""lr"": 0.012487940706903825, ""max_t"": 1.0, ""min_delta"": 0.0, ""min_epochs_before_stopping"": 30, ""normalised"": true, ""orth"": ""householder"", ""right_weights"": true, ""second_linear"": false, ""sheaf_act"": ""tanh"", ""skip_train_eval"": true, ""sparse_learner"": false, ""stateful_temporal"": true, ""temporal_bptt_steps"": 8, ""temporal_d_model"": 32, ""time_window"": 3, ""use_act"": true, ""weight_decay"": 1.98417640446958e-07}"
ablation,second_linear,False,False,second_linear=False,4,46,ndcg,114,,0.9982588957706631,0.9982588957706631,,1.813936710357666,1.813936710357666,0.9982588957706631,1.813936710357666,3,"{""add_hp"": false, ""add_lp"": false, ""closure_hops"": 2, ""d"": 4, ""deg_normalised"": false, ""dropout"": 0.0, ""early_stopping_patience"": 24, ""edge_weights"": false, ""epochs"": 200, ""eval_every"": 2, ""hidden_channels"": 64, ""input_dropout"": 0.0, ""layers"": 3, ""left_weights"": true, ""linear"": false, ""lr"": 0.012487940706903825, ""max_t"": 1.0, ""min_delta"": 0.0, ""min_epochs_before_stopping"": 30, ""normalised"": true, ""orth"": ""householder"", ""right_weights"": true, ""second_linear"": false, ""sheaf_act"": ""tanh"", ""skip_train_eval"": true, ""sparse_learner"": false, ""stateful_temporal"": true, ""temporal_bptt_steps"": 8, ""temporal_d_model"": 32, ""time_window"": 3, ""use_act"": true, ""weight_decay"": 1.98417640446958e-07}"
ablation,second_linear,False,False,second_linear=False,5,47,ndcg,130,,0.9979997740654887,0.9979997740654887,,1.808240294456482,1.808240294456482,0.9979997740654887,1.808240294456482,3,"{""add_hp"": false, ""add_lp"": false, ""closure_hops"": 2, ""d"": 4, ""deg_normalised"": false, ""dropout"": 0.0, ""early_stopping_patience"": 24, ""edge_weights"": false, ""epochs"": 200, ""eval_every"": 2, ""hidden_channels"": 64, ""input_dropout"": 0.0, ""layers"": 3, ""left_weights"": true, ""linear"": false, ""lr"": 0.012487940706903825, ""max_t"": 1.0, ""min_delta"": 0.0, ""min_epochs_before_stopping"": 30, ""normalised"": true, ""orth"": ""householder"", ""right_weights"": true, ""second_linear"": false, ""sheaf_act"": ""tanh"", ""skip_train_eval"": true, ""sparse_learner"": false, ""stateful_temporal"": true, ""temporal_bptt_steps"": 8, ""temporal_d_model"": 32, ""time_window"": 3, ""use_act"": true, ""weight_decay"": 1.98417640446958e-07}"
ablation,second_linear,True,True,second_linear=True,1,43,ndcg,178,,0.996148981961307,0.996148981961307,,1.8214876651763916,1.8214876651763916,0.996148981961307,1.8214876651763916,3,"{""add_hp"": false, ""add_lp"": false, ""closure_hops"": 2, ""d"": 4, ""deg_normalised"": false, ""dropout"": 0.0, ""early_stopping_patience"": 24, ""edge_weights"": false, ""epochs"": 200, ""eval_every"": 2, ""hidden_channels"": 64, ""input_dropout"": 0.0, ""layers"": 3, ""left_weights"": true, ""linear"": false, ""lr"": 0.012487940706903825, ""max_t"": 1.0, ""min_delta"": 0.0, ""min_epochs_before_stopping"": 30, ""normalised"": true, ""orth"": ""householder"", ""right_weights"": true, ""second_linear"": true, ""sheaf_act"": ""tanh"", ""skip_train_eval"": true, ""sparse_learner"": false, ""stateful_temporal"": true, ""temporal_bptt_steps"": 8, ""temporal_d_model"": 32, ""time_window"": 3, ""use_act"": true, ""weight_decay"": 1.98417640446958e-07}"
ablation,second_linear,True,True,second_linear=True,2,44,ndcg,124,,0.9955853089808736,0.9955853089808736,,1.8320014476776123,1.8320014476776123,0.9955853089808736,1.8320014476776123,3,"{""add_hp"": false, ""add_lp"": false, ""closure_hops"": 2, ""d"": 4, ""deg_normalised"": false, ""dropout"": 0.0, ""early_stopping_patience"": 24, ""edge_weights"": false, ""epochs"": 200, ""eval_every"": 2, ""hidden_channels"": 64, ""input_dropout"": 0.0, ""layers"": 3, ""left_weights"": true, ""linear"": false, ""lr"": 0.012487940706903825, ""max_t"": 1.0, ""min_delta"": 0.0, ""min_epochs_before_stopping"": 30, ""normalised"": true, ""orth"": ""householder"", ""right_weights"": true, ""second_linear"": true, ""sheaf_act"": ""tanh"", ""skip_train_eval"": true, ""sparse_learner"": false, ""stateful_temporal"": true, ""temporal_bptt_steps"": 8, ""temporal_d_model"": 32, ""time_window"": 3, ""use_act"": true, ""weight_decay"": 1.98417640446958e-07}"
ablation,second_linear,True,True,second_linear=True,3,45,ndcg,132,,0.9979455959228348,0.9979455959228348,,1.8106720447540283,1.8106722831726074,0.9979455959228348,1.8106722831726074,3,"{""add_hp"": false, ""add_lp"": false, ""closure_hops"": 2, ""d"": 4, ""deg_normalised"": false, ""dropout"": 0.0, ""early_stopping_patience"": 24, ""edge_weights"": false, ""epochs"": 200, ""eval_every"": 2, ""hidden_channels"": 64, ""input_dropout"": 0.0, ""layers"": 3, ""left_weights"": true, ""linear"": false, ""lr"": 0.012487940706903825, ""max_t"": 1.0, ""min_delta"": 0.0, ""min_epochs_before_stopping"": 30, ""normalised"": true, ""orth"": ""householder"", ""right_weights"": true, ""second_linear"": true, ""sheaf_act"": ""tanh"", ""skip_train_eval"": true, ""sparse_learner"": false, ""stateful_temporal"": true, ""temporal_bptt_steps"": 8, ""temporal_d_model"": 32, ""time_window"": 3, ""use_act"": true, ""weight_decay"": 1.98417640446958e-07}"
ablation,second_linear,True,True,second_linear=True,4,46,ndcg,126,,0.9965960070643977,0.9965960070643977,,1.8197659254074097,1.8197659254074097,0.9965960070643977,1.8197659254074097,3,"{""add_hp"": false, ""add_lp"": false, ""closure_hops"": 2, ""d"": 4, ""deg_normalised"": false, ""dropout"": 0.0, ""early_stopping_patience"": 24, ""edge_weights"": false, ""epochs"": 200, ""eval_every"": 2, ""hidden_channels"": 64, ""input_dropout"": 0.0, ""layers"": 3, ""left_weights"": true, ""linear"": false, ""lr"": 0.012487940706903825, ""max_t"": 1.0, ""min_delta"": 0.0, ""min_epochs_before_stopping"": 30, ""normalised"": true, ""orth"": ""householder"", ""right_weights"": true, ""second_linear"": true, ""sheaf_act"": ""tanh"", ""skip_train_eval"": true, ""sparse_learner"": false, ""stateful_temporal"": true, ""temporal_bptt_steps"": 8, ""temporal_d_model"": 32, ""time_window"": 3, ""use_act"": true, ""weight_decay"": 1.98417640446958e-07}"
ablation,second_linear,True,True,second_linear=True,5,47,ndcg,110,,0.9957824227755184,0.9957824227755184,,1.827800989151001,1.827800989151001,0.9957824227755184,1.827800989151001,3,"{""add_hp"": false, ""add_lp"": false, ""closure_hops"": 2, ""d"": 4, ""deg_normalised"": false, ""dropout"": 0.0, ""early_stopping_patience"": 24, ""edge_weights"": false, ""epochs"": 200, ""eval_every"": 2, ""hidden_channels"": 64, ""input_dropout"": 0.0, ""layers"": 3, ""left_weights"": true, ""linear"": false, ""lr"": 0.012487940706903825, ""max_t"": 1.0, ""min_delta"": 0.0, ""min_epochs_before_stopping"": 30, ""normalised"": true, ""orth"": ""householder"", ""right_weights"": true, ""second_linear"": true, ""sheaf_act"": ""tanh"", ""skip_train_eval"": true, ""sparse_learner"": false, ""stateful_temporal"": true, ""temporal_bptt_steps"": 8, ""temporal_d_model"": 32, ""time_window"": 3, ""use_act"": true, ""weight_decay"": 1.98417640446958e-07}"
ablation,edge_weights,False,False,edge_weights=False,1,43,ndcg,150,,0.9982197779498075,0.9982197779498075,,1.811436414718628,1.811436414718628,0.9982197779498075,1.811436414718628,3,"{""add_hp"": false, ""add_lp"": false, ""closure_hops"": 2, ""d"": 4, ""deg_normalised"": false, ""dropout"": 0.0, ""early_stopping_patience"": 24, ""edge_weights"": false, ""epochs"": 200, ""eval_every"": 2, ""hidden_channels"": 64, ""input_dropout"": 0.0, ""layers"": 3, ""left_weights"": true, ""linear"": false, ""lr"": 0.012487940706903825, ""max_t"": 1.0, ""min_delta"": 0.0, ""min_epochs_before_stopping"": 30, ""normalised"": true, ""orth"": ""householder"", ""right_weights"": true, ""second_linear"": false, ""sheaf_act"": ""tanh"", ""skip_train_eval"": true, ""sparse_learner"": false, ""stateful_temporal"": true, ""temporal_bptt_steps"": 8, ""temporal_d_model"": 32, ""time_window"": 3, ""use_act"": true, ""weight_decay"": 1.98417640446958e-07}"
ablation,edge_weights,False,False,edge_weights=False,2,44,ndcg,160,,0.998706615698058,0.998706615698058,,1.8039108514785767,1.8039108514785767,0.998706615698058,1.8039108514785767,3,"{""add_hp"": false, ""add_lp"": false, ""closure_hops"": 2, ""d"": 4, ""deg_normalised"": false, ""dropout"": 0.0, ""early_stopping_patience"": 24, ""edge_weights"": false, ""epochs"": 200, ""eval_every"": 2, ""hidden_channels"": 64, ""input_dropout"": 0.0, ""layers"": 3, ""left_weights"": true, ""linear"": false, ""lr"": 0.012487940706903825, ""max_t"": 1.0, ""min_delta"": 0.0, ""min_epochs_before_stopping"": 30, ""normalised"": true, ""orth"": ""householder"", ""right_weights"": true, ""second_linear"": false, ""sheaf_act"": ""tanh"", ""skip_train_eval"": true, ""sparse_learner"": false, ""stateful_temporal"": true, ""temporal_bptt_steps"": 8, ""temporal_d_model"": 32, ""time_window"": 3, ""use_act"": true, ""weight_decay"": 1.98417640446958e-07}"
ablation,edge_weights,False,False,edge_weights=False,3,45,ndcg,164,,0.9964437671795949,0.9964437671795949,,1.823468565940857,1.823468565940857,0.9964437671795949,1.823468565940857,3,"{""add_hp"": false, ""add_lp"": false, ""closure_hops"": 2, ""d"": 4, ""deg_normalised"": false, ""dropout"": 0.0, ""early_stopping_patience"": 24, ""edge_weights"": false, ""epochs"": 200, ""eval_every"": 2, ""hidden_channels"": 64, ""input_dropout"": 0.0, ""layers"": 3, ""left_weights"": true, ""linear"": false, ""lr"": 0.012487940706903825, ""max_t"": 1.0, ""min_delta"": 0.0, ""min_epochs_before_stopping"": 30, ""normalised"": true, ""orth"": ""householder"", ""right_weights"": true, ""second_linear"": false, ""sheaf_act"": ""tanh"", ""skip_train_eval"": true, ""sparse_learner"": false, ""stateful_temporal"": true, ""temporal_bptt_steps"": 8, ""temporal_d_model"": 32, ""time_window"": 3, ""use_act"": true, ""weight_decay"": 1.98417640446958e-07}"
ablation,edge_weights,False,False,edge_weights=False,4,46,ndcg,114,,0.9981914704268603,0.9981914704268603,,1.8144129514694214,1.81441330909729,0.9981914704268603,1.81441330909729,3,"{""add_hp"": false, ""add_lp"": false, ""closure_hops"": 2, ""d"": 4, ""deg_normalised"": false, ""dropout"": 0.0, ""early_stopping_patience"": 24, ""edge_weights"": false, ""epochs"": 200, ""eval_every"": 2, ""hidden_channels"": 64, ""input_dropout"": 0.0, ""layers"": 3, ""left_weights"": true, ""linear"": false, ""lr"": 0.012487940706903825, ""max_t"": 1.0, ""min_delta"": 0.0, ""min_epochs_before_stopping"": 30, ""normalised"": true, ""orth"": ""householder"", ""right_weights"": true, ""second_linear"": false, ""sheaf_act"": ""tanh"", ""skip_train_eval"": true, ""sparse_learner"": false, ""stateful_temporal"": true, ""temporal_bptt_steps"": 8, ""temporal_d_model"": 32, ""time_window"": 3, ""use_act"": true, ""weight_decay"": 1.98417640446958e-07}"
ablation,edge_weights,False,False,edge_weights=False,5,47,ndcg,94,,0.9975090027264701,0.9975090027264701,,1.8210111856460571,1.8210111856460571,0.9975090027264701,1.8210111856460571,3,"{""add_hp"": false, ""add_lp"": false, ""closure_hops"": 2, ""d"": 4, ""deg_normalised"": false, ""dropout"": 0.0, ""early_stopping_patience"": 24, ""edge_weights"": false, ""epochs"": 200, ""eval_every"": 2, ""hidden_channels"": 64, ""input_dropout"": 0.0, ""layers"": 3, ""left_weights"": true, ""linear"": false, ""lr"": 0.012487940706903825, ""max_t"": 1.0, ""min_delta"": 0.0, ""min_epochs_before_stopping"": 30, ""normalised"": true, ""orth"": ""householder"", ""right_weights"": true, ""second_linear"": false, ""sheaf_act"": ""tanh"", ""skip_train_eval"": true, ""sparse_learner"": false, ""stateful_temporal"": true, ""temporal_bptt_steps"": 8, ""temporal_d_model"": 32, ""time_window"": 3, ""use_act"": true, ""weight_decay"": 1.98417640446958e-07}"
ablation,edge_weights,True,True,edge_weights=True,1,43,ndcg,192,,0.9969009865721873,0.9969009865721873,,1.8171164989471436,1.8171164989471436,0.9969009865721873,1.8171162605285645,3,"{""add_hp"": false, ""add_lp"": false, ""closure_hops"": 2, ""d"": 4, ""deg_normalised"": false, ""dropout"": 0.0, ""early_stopping_patience"": 24, ""edge_weights"": true, ""epochs"": 200, ""eval_every"": 2, ""hidden_channels"": 64, ""input_dropout"": 0.0, ""layers"": 3, ""left_weights"": true, ""linear"": false, ""lr"": 0.012487940706903825, ""max_t"": 1.0, ""min_delta"": 0.0, ""min_epochs_before_stopping"": 30, ""normalised"": true, ""orth"": ""householder"", ""right_weights"": true, ""second_linear"": false, ""sheaf_act"": ""tanh"", ""skip_train_eval"": true, ""sparse_learner"": false, ""stateful_temporal"": true, ""temporal_bptt_steps"": 8, ""temporal_d_model"": 32, ""time_window"": 3, ""use_act"": true, ""weight_decay"": 1.98417640446958e-07}"
ablation,edge_weights,True,True,edge_weights=True,2,44,ndcg,126,,0.9953449651149099,0.9953449651149099,,1.8283970355987549,1.8283970355987549,0.9953449651149099,1.8283969163894653,3,"{""add_hp"": false, ""add_lp"": false, ""closure_hops"": 2, ""d"": 4, ""deg_normalised"": false, ""dropout"": 0.0, ""early_stopping_patience"": 24, ""edge_weights"": true, ""epochs"": 200, ""eval_every"": 2, ""hidden_channels"": 64, ""input_dropout"": 0.0, ""layers"": 3, ""left_weights"": true, ""linear"": false, ""lr"": 0.012487940706903825, ""max_t"": 1.0, ""min_delta"": 0.0, ""min_epochs_before_stopping"": 30, ""normalised"": true, ""orth"": ""householder"", ""right_weights"": true, ""second_linear"": false, ""sheaf_act"": ""tanh"", ""skip_train_eval"": true, ""sparse_learner"": false, ""stateful_temporal"": true, ""temporal_bptt_steps"": 8, ""temporal_d_model"": 32, ""time_window"": 3, ""use_act"": true, ""weight_decay"": 1.98417640446958e-07}"
ablation,edge_weights,True,True,edge_weights=True,3,45,ndcg,188,,0.9955557497522332,0.9955557497522332,,1.8288662433624268,1.8288662433624268,0.9955557497522332,1.8288662433624268,3,"{""add_hp"": false, ""add_lp"": false, ""closure_hops"": 2, ""d"": 4, ""deg_normalised"": false, ""dropout"": 0.0, ""early_stopping_patience"": 24, ""edge_weights"": true, ""epochs"": 200, ""eval_every"": 2, ""hidden_channels"": 64, ""input_dropout"": 0.0, ""layers"": 3, ""left_weights"": true, ""linear"": false, ""lr"": 0.012487940706903825, ""max_t"": 1.0, ""min_delta"": 0.0, ""min_epochs_before_stopping"": 30, ""normalised"": true, ""orth"": ""householder"", ""right_weights"": true, ""second_linear"": false, ""sheaf_act"": ""tanh"", ""skip_train_eval"": true, ""sparse_learner"": false, ""stateful_temporal"": true, ""temporal_bptt_steps"": 8, ""temporal_d_model"": 32, ""time_window"": 3, ""use_act"": true, ""weight_decay"": 1.98417640446958e-07}"
ablation,edge_weights,True,True,edge_weights=True,4,46,ndcg,126,,0.9941882673513859,0.9941882673513859,,1.845993995666504,1.845993995666504,0.9941882673513859,1.845993995666504,3,"{""add_hp"": false, ""add_lp"": false, ""closure_hops"": 2, ""d"": 4, ""deg_normalised"": false, ""dropout"": 0.0, ""early_stopping_patience"": 24, ""edge_weights"": true, ""epochs"": 200, ""eval_every"": 2, ""hidden_channels"": 64, ""input_dropout"": 0.0, ""layers"": 3, ""left_weights"": true, ""linear"": false, ""lr"": 0.012487940706903825, ""max_t"": 1.0, ""min_delta"": 0.0, ""min_epochs_before_stopping"": 30, ""normalised"": true, ""orth"": ""householder"", ""right_weights"": true, ""second_linear"": false, ""sheaf_act"": ""tanh"", ""skip_train_eval"": true, ""sparse_learner"": false, ""stateful_temporal"": true, ""temporal_bptt_steps"": 8, ""temporal_d_model"": 32, ""time_window"": 3, ""use_act"": true, ""weight_decay"": 1.98417640446958e-07}"
ablation,edge_weights,True,True,edge_weights=True,5,47,ndcg,196,,0.9941864312535292,0.9941864312535292,,1.8370239734649658,1.8370239734649658,0.9941864312535292,1.8370239734649658,3,"{""add_hp"": false, ""add_lp"": false, ""closure_hops"": 2, ""d"": 4, ""deg_normalised"": false, ""dropout"": 0.0, ""early_stopping_patience"": 24, ""edge_weights"": true, ""epochs"": 200, ""eval_every"": 2, ""hidden_channels"": 64, ""input_dropout"": 0.0, ""layers"": 3, ""left_weights"": true, ""linear"": false, ""lr"": 0.012487940706903825, ""max_t"": 1.0, ""min_delta"": 0.0, ""min_epochs_before_stopping"": 30, ""normalised"": true, ""orth"": ""householder"", ""right_weights"": true, ""second_linear"": false, ""sheaf_act"": ""tanh"", ""skip_train_eval"": true, ""sparse_learner"": false, ""stateful_temporal"": true, ""temporal_bptt_steps"": 8, ""temporal_d_model"": 32, ""time_window"": 3, ""use_act"": true, ""weight_decay"": 1.98417640446958e-07}"
